,0
We Are Young (feat. Janelle Monáe)___fun.,7a86XRg84qjasly9f6bPSD
Fireflies___TABAL,3DamFFqW32WihKkTVlwTYQ
Kill Me Better___Don Diablo,5ohyF1TaL2ks2mrEJqLtfs
Say Something - Zac Samuel Remix___Karen Harding,5QifrqmnjHzdOuBAheeeNU
Is That For Me___Alesso,2KwojFDebQV4J2b0JMRR5Q
Lost Tapes___softy,4OAQMThXj7kEjtGAfAhLNY
Funny___Zedd,4FYbo4yQzu3hGkj2Ix4ucW
Alone (Naruto)___Kayou. Beats,1jLYR6TvbvsgBaIHN72kFw
Wish You Were Here (feat. Brandyn Burnette)___Afrojack,0GevQZGBPYjfPzK8e3jxzl
We Won't Be Alone___Feint,3AayefDdUFxivRs79bX7kV
Deep In Motion___Krynoze,5LK6bp487xgYrCX8fjHQT7
Home___Vince Staples,4rsW3WCZBGwhHfJWuHRwyT
Nights With You - Cheat Codes Remix___MØ,2lE6CIzmQvcF7Mo3z4k9cr
Angel___Vanze,4mgSk2zxeT03FLtSlnzxwt
Hear Me Say___Jonas Blue,7dk9EBvTbbKBbFxjCAJpwK
SAD - Imanbek xxx Remix___Rasster,4x5ymi4akay9Fq5Xm1PW3E
Brave___Don Diablo,0GRoERSBBky3YgdKW2w2Vc
Give Me Love___Don Diablo,6dnuiEx1GXh1G1Rpehj0Dn
Rather Be With You (feat. Crooked Colours)___Hayden James,4Kc1nMxyLCWtx3BganIsQs
No Drama (feat. Offset)___Tinashe,3doVAxeH3SgWtlRMqR4eLi
Way 2 Sexy (with Future & Young Thug)___Drake,0k1WUmIRnG3xU6fvvDVfRG
Water Mirrors___TABAL,7BmN6wQHDd0AH69iPmQ13y
Fair Trade (with Travis Scott)___Drake,40iJIUlhi6renaREYGeIDS
Both of Us___Yellow Claw,1FDGTwqfK4mmwFZOd7qn5H
Lucky Strike___Maroon 5,5b2aMqcSeAMlDptX6EjE7m
Heated Blanket___takeo,5rL8HXzAQmwO2jVV3Q7vNL
Spanish Castle___WYS,4D8rro15FXZa9dKCubcVbH
Last Resort___Ky akasha,6bMyHp2LhPmp1XH9qBV3Xk
Reflections___Osaki,2xql0pid3EUwW38AsywxhV
Smile From A Friend___fourwalls,1AwXvRDkuXRmXgzxLW10lX
Darkside___Alan Walker,6SRWhUJcD2YKahCwHavz3X
Without You___SLANDER,27OeeYzk6klgBh83TSvGMA
Cigarette___RAYE,2tznHmp70DxMyr2XhWLOW0
One Light (feat. Bantu)___Maroon 5,6PyFYTEo8X3inQ4hQvA8md
En dag___Tommy Nilsson,4y81ov9ojdBPu5eLhDKxS9
Stay Young___Mike Perry,5Zhm8qMnDwXR3soSSurN8T
Reminder - Remix___The Weeknd,7F1LWA9sIlTorHUo4amGqk
SPACESHIP___AP Dhillon,2PcGqmKToUz0s65q1Acg7d
Resolution___l'Outlander,5MRBoGr2wbbAtb1qcsOb0g
Me So Bad (feat. Ty Dolla $ign & French Montana)___Tinashe,6XddLa3bdlJJQC6sImufdH
romantics___Tove Lo,45CiDBvF0HNtAHXQFfnSzD
Call Out My Name___The Weeknd,09mEdoA6zrmBPgTEN5qXmN
Unspoken Words___Jordy Chandra,32PhjU1DfXj2QkmvH5SleQ
Where I Wanna Be___A R I Z O N A,5j4mKTvOu0cr4cooq57sm3
Don't Leave - Throttle Remix___Snakehips,2kURE6wOW7HoWaTIOa2NDF
Cheerleader - Felix Jaehn Remix Radio Edit___OMI,023OVLNzXhX0j7CxswUt6D
Stranger Things (feat. OneRepublic) - Alan Walker Remix___Kygo,76c4KOymiPUkWEeIIc0DQr
Tired___Alan Walker,3b5Li4QKDVBx1x7fQuu54a
Canon In D___Josh Vietti,1c3GkbZBnyrQ1cm4TGHFrK
Signals___KDrew,63UnWPKUq1f8kD1AOZg9nt
Too Late (feat. Wiz Khalifa & Lukas Graham)___Cash Cash,6Q0cy1jCa8EpvT6hd9rrs9
Hideaway___softy,6GwWsdQEko15NyxMaKSzhc
Who Do You Think Of?___M.O,0dOxEPEzBFvhGvMfurJI1A
Real Love___Dillon Francis,4Juaa2ppIOYcSWbrVtcrNp
A Little Help___HM Surf,64nbwSfn47kQWC4yVLaoys
About Us___Jhove,1ZYdraW24UMTYLjg6g2bFQ
Be Okay (with HRVY)___R3HAB,4ztw0mBC6VBiLV79yRHDQW
Beam Me Up - Radio Edit___CAZZETTE,64y85LeHY8Z6OlTOM9cpKD
Mama (feat. Ellie Goulding)___Clean Bandit,3WDIhWoRWVcaHdRwMEHkkS
Adore You___Harry Styles,3jjujdWJ72nww5eGnfs2E7
Don't Pretend (feat. SAFE)___Khalid,1E6DEDWDKHoOW0fcFuDghV
SHY (feat. Brayton Bowman)___The Magician,2mw5S1dAoQQVaPzzw3L4GP
Piece Of Me___MK,5xCKDXzh2JPFFcyHr39ROH
Money In The Grave (Drake ft. Rick Ross)___Drake,5ry2OE6R2zPQFDO85XkgRb
Slow Motion___Randolph,6ihObRBTB8xdSH2mlERtOX
Too Much (feat. Usher)___Marshmello,39umHdGKfpnjY4TFtnoQ51
I Feel It Coming___The Weeknd,3dhjNA0jGA8vHBQ1VdD6vV
Intersection___Lawrence Walther,7MVYd5jFZBdd1T0VqTgk9m
Adventure of a Lifetime___Coldplay,69uxyAqqPIsUyTO8txoP2M
Summer Of Love___NOTD,5BfNv9IBxj1eWeNq6WsjJI
After Rain___BVG,4YSS1kw9Egcc4Z452V1Lka
New___Daya,0fv2KH6hac06J86hBUTcSf
Circles___Post Malone,21jGcNKet2qwijlDFuPiPb
Next To Me___DLJ,6EJ1y3wdV0gu6QRwagi6tD
Everything about you___Kinissue,2zC9Ak7zKKjPhDYdDpcfQl
I Love You___Axwell /\ Ingrosso,4SqWKzw0CbA05TGszDgMlc
Hold (Candyland Remix)___Elephante,6sFIeNeq18x9JCsCIwTvvw
Nothing Without You___The Weeknd,57qiTKh8bVX0VtfUNTQqhw
edamame (feat. Rich Brian)___bbno$,1uMHCAyGmHqyygoNRuo7MV
Why We Lose___Cartoon,2wmQfaHp4zbqQkbf5nu5SF
Never Change___Don Diablo,1SG6r7daFfpzPcU15luVqB
Firework___Dallas String Quartet,5Y2g2734P6TcuJJmDwz9QO
Superhero___Unknown Brain,4tF4f9GwL52a4VruWF5Brp
I'll Be Waiting___Redlight,5AKAyMEL5LqCkafztPdBSI
Synesthesia___trxxshed,2UZF39eShfrYPqohY0WgV2
Shine___Elgate feat. Spektrem,77YKoNCjP5hWqiXMRG2839
Nightingale___LESKY,2eLxEzMVfiQih0cJIWIowm
traitor___Olivia Rodrigo,5CZ40GBx1sQ9agT82CLQCT
Real Life___Duke Dumont,6jz9EMWHffNKVlZQVXOLoz
Within___Enluv,5GR8SCSr7TPszaDdeXKNrG
family ties (with Kendrick Lamar)___Baby Keem,7Bpx2vsWfQFBACRz4h3IqH
Give Me a Purpose___Kayou.,3qazZbSvQXcdbjQX04pxo1
Plz Don't Go (feat. Jhené Aiko)___Cashmere Cat,5bHb0PhaG1d4V7EnSHqB6n
Love In Ruins (feat. Sinead Harnett)___Gryffin,4xLDWc1ymSHUhPUIoAcH8P
Kiss Me More (feat. SZA)___Doja Cat,3DarAbFujv6eYNliUTyqtz
Drops___DJ Garlik,5mAYFJtO3MfaxiP3OG5Pdw
Don't Let Me Be Yours___Zara Larsson,65ACnVMmePTp8Xdk11jP2y
Wait Another Day___Mike Williams,7qZOnik9K8Mv987ccBjwwj
Fresh Snow___Oatmello,3DyabKiwlcCNPqvh8LVJvv
Vulnerable___squeeda,7BZBrIVtoFbCLIZ0MHGzfY
Sun Comes Up (feat. James Arthur)___Rudimental,6SUocL0caib4mLHe8ZrZzi
Tokyo (feat. XIRA)___3LAU,1QCVN7PEJ0dMiIDOG6ZJUf
Routine___Alan Walker,19TSNGmvdTtlxYn4YqYUMf
Decline___RAYE,4qCc2AVDeJYIpAHi9AX1N0
UFO - Radio Edit___Vigiland,7azVJ6AgvPLOum1tppactO
Save Your Tears (with Ariana Grande) (Remix)___The Weeknd,37BZB0z9T8Xu7U3e65qxFy
Distant Memory (with Timmy Trumpet x W&W)___R3HAB,50Q24gRvLy128dfU2DDoao
"Elevate (feat. Denzel Curry, YBN Cordae, SwaVay, Trevor Rich)___DJ Khalil",6kiauSlWtddVQx4JwJx51p
Nightfall___Kurt Stewart,3FhkKBQ3eqc5Z3VZBHFQ6f
Superheroes___The Script,37sINbJZcFdHFAsVNsPq1i
Better Not (with Wafia)___Louis The Child,7n1940b6kHcaEewFSZXnXa
All I Wanna Do___Martin Jensen,1Cq23W4ZxHTY8QbP40qjEc
Mojave Backyard___HM Surf,4AJv7NWAhvxAXEoQagzHn4
you're not lost___eaup,0NIawAn7SZDA1CQ1G8GybR
Fingers Crossed (with Julia Michaels)___Trevor Daniel,3G0T9gfKq0Wo6ofdWAOEa5
F**k With U___Pia Mia,59wcUkUV5EeMgvRl2cibwW
"Here We Go… Again (feat. Tyler, the Creator)___The Weeknd",1NhjYYcYTRywc0di98xHxf
Antisocial (with Travis Scott)___Ed Sheeran,1DhRbox3xkceP64k3JeYfW
Flower Fields___no one's perfect,5zV0qPIKKMNLmdGBG041Sq
Crooked Smile (feat. TLC)___J. Cole,5gFoAVTN9YlM9uJCrFZtgl
Say Something - RetroVision Remix___Lucas & Steve,7MwoGAOLI3MnEC7mGFOYcW
Strings___iann dior,2VdWzhJDjWaELCEhwyO8Q4
Adanel___DaniSogen,5IPMWqFuj31FeGZyUBd6qe
The Scientist___Coldplay,75JFxkI2RXiU7L9VXzMkle
Mood (feat. iann dior)___24kGoldn,4jPy3l0RUwlUI9T5XHBW2m
Love Mashup 2019___Akhil Sachdeva,2nCKF3gkwHCamm3f0jNaJd
hate u cuz i don't (feat. Bea Miller)___Louis The Child,0ebzDbmaqvnBTfoZbd90BW
Better Days___Purrple Cat,07OPi6PhHR6mkLP4UDqVtV
No Tomorrow___Afrojack,2V986dOZpVnD4AUmrKyeUW
Lucid Dreams___Elior,285pBltuF7vW8TeWk8hdRR
Snow Day___takeo,30zIrkLLF5gYAcAsCD8642
OTW___Khalid,6Hgh47WXVKtXN5zGOu0hjI
Where Would We Be___ROZES,2d3fNzMA3aUqeRFWHqzbHd
Pondicherry___DJ Snake,0IoJNiqfeORsU6nMY9zC85
Old Hourglass___softy,3g3uI67XxFu4FoPWVTXiFu
Don't Leave Me Alone (feat. Anne-Marie)___David Guetta,2lYTJK94hb0fd1LQtb6Dhk
Tears For Later___Don Diablo,0qLCGr3tEqsvk5FfHU2XqV
Oh Child___Robin Schulz,77VLYTyrdlHEWcjhjQoXlz
Stay For It___RL Grime,69Lq3BWssbLhf4QDRtFY51
Hero (feat. Christina Perri)___Cash Cash,0jPU39bL0SrCmYc1RwbFkX
Where the Water Ends___VINAI,5Qh8DqDqD0BxHbI2f8P3j2
Jackie Chan___Tiësto,4kWO6O1BUXcZmaxitpVUwp
Dontyouknow___Sebastian Kamae,3Eygqx2pkChL3YXAkzTVZn
Hunter___Galantis,1My0Hfu5dTCbYisBk9ZRGr
My Feelings For You - Original Mix___Avicii,2In1YQs7YUmvibbJ1VJUmW
Lily___Alan Walker,0lks2Kt9veMOFEAPN0fsqN
Mramor___Chau Sara,0P6doWTqTQW1cdsvyulURV
Control___Unknown Brain,46MUbxLye12SKBN7xHg3CF
The Prime Time of Your Life___Daft Punk,2ABpuao3ZbTjP2cSiX9KZc
Love Again___Dua Lipa,1wfAexK3wilePi8S7lgXRW
Don't Call Me___Shakka,5WHTFyqSii0lmT9R21abT8
Monster (Dotexe Remix)___Nightcore,0y8UKPyJOluqIuacosTKEv
Stay The Night___Xuitcasecity,2QtJA4gbwe1AcanB2p21aP
Messy___Kiiara,0BOEuUKoHdy8in20fG5smd
Problems___Don Diablo,2dyrLrVopYKGc3H9oOYSmZ
Whole Heart___Gryffin,4Z1t1aMRif8ES212kTN8H2
Faded___Alan Walker,698ItKASDavgwZ3WjaWjtz
All Girls Are The Same___Juice WRLD,4VXIryQMWpIdGgYR4TrjT1
"Mood (Remix) feat. Justin Bieber, J Balvin & iann dior___24kGoldn",6FuGJB290AQMAHTfjOYVaK
Knock Me off My Feet (feat. Dan Taleveski)___Sickick,7EXysKjHj8H2whWLgKX51V
Memories We Made___No Spirit,0QqusGKX2WdoIrVNbU2xwS
Ring The Alarm___DJ Snake,67kJ3o6PrkB9CetDTXQ1wR
Survive___Vanze,3sBOR7RntAnrIw8mVxD2BM
Checkmate___Jena Rose,4UXJ6wbGkzflgbSRJrVQeB
Cozy Cuddles___LESKY,2AZeToqOCg8l73WQfcJdLB
Pompeii___Bastille,3gbBpTdY8lnQwqxNCcf795
when i close my eyes___Jhove,6knClxS3hrl98YJrzcLxLW
I Was Wrong - Robin Schulz Remix___A R I Z O N A,4RNpfZR9Zm7efzuMghkPKb
Talksick 4 Mashup___Sickick,7f1HHKGEGsweAnEkj3nMWL
Flowers___Titiyo,6Z165JvPnS8PYvGW8oLGLc
Lullaby___Osaki,1K1b1rPjbbam1NXUPg4VrK
What Lovers Do (feat. SZA)___Maroon 5,2j5hsQvApottzvTn4pFJWF
Location___Khalid,152lZdxL1OR0ZMW6KquMif
My Songs Know What You Did In The Dark (Light Em Up)___Fall Out Boy,7s0lDK7y3XLmI7tcsRAbW0
Sternbilder___kyu,2Yim9gV32P9khRPkI3VrmY
Lovely___Hoogway,1kqWXcPLoKRKKIIVTrzTgo
Altitude___trxxshed,4JWqkMaESfFtA3jTttafts
Did You See - Mura Masa Remix___J Hus,7yuu6oMMBfIYANUKEVANTP
Stronger (feat. Kesha)___Sam Feldt,4NctFqJyGAqurHFEUQvWgR
Ring Ring (with Mabel feat. Rich The Kid)___Jax Jones,51FZnO9sWc2dazJneozkHp
Life Aquatic___Phlocalyst,5KLDDQceyHMIbI5miOE8Q4
Superhuman - Gammer Remix___SLANDER,1KO9MOD2NZVkI3sssfM7Tb
Steal My Girl___One Direction,2Bs4jQEGMycglOfWPBqrVG
Weekend___Louis The Child,1VCHNbal0VtE2plMRzvoho
Atlantis___Kainbeats,1Fid2jjqsHViMX6xNH70hE
Say So - Snakehips Remix___Doja Cat,0YiILuIBfDyYTUmd9uLwcd
Skrt Skrt___Tory Lanez,3V0assD4Gg4BrXFzDrcWVj
Nobody Compares To You (feat. Katie Pearlman)___Gryffin,17ejRbr6B8l9zdqgCZsn4m
Far From Home Suite Home___Michael Giacchino,2Y9v6F9vFK9Z8KAoFwAj9Z
I Hear You___Vicetone,1tjjhyqz6Mcy7Gbk7ATss9
Either Way (feat. Joey Bada$$) - The Wild Remix___Snakehips,2DSD3g4zxSMfUxskX5Se3G
Lovesick___Maroon 5,4lejz024CsCP6S5kPD6Upb
OUT OUT (feat. Charli XCX & Saweetie)___Joel Corry,6Dy1jexKYriXAVG6evyUTJ
Raindance___Sleepermane,1ud3VzxPKkpqbwJRrSk7nP
Bathroom Marble___LESKY,2wbmx4OJhKVRxs5BH6xhQG
Under A Wishing Sky___Lilac,375SguxDGxha99Oos7EnBM
Haven___ENRA,57uyU1PDvVqTHbsDicCsBj
"Duniyaa (From ""Luka Chuppi"")___Akhil",2tjWCe2W7sgvS3C8NHcdtI
Too Much To Ask___Don Diablo,6M0RLlETmRWBLRkuwohvE5
Talked in a Dream___fourwalls,1WnoL4w8hQKes4RAz5QHLZ
300 Violin Orchestra___Jorge Quintero,4JjUwfp8GQ3PxWg2QPKnpn
I Love It___Cheat Codes,6HZ9VeI5IRFCNQLXhpF4bq
Not My Style (R3HAB Remix)___Sarah Reeves,36NIj9MYZimIZs4ZonMIfk
It's All on U - T-Mass & LZRD Remix___ILLENIUM,0Vc3nfRMdvY5iX6AHVWSMN
Who's Got Your Love___Cheat Codes,5EpR6BqAnwR9PPl6sIrzGy
Easy On Me___Adele,0gplL1WMoJ6iYaPgMCL0gX
Lost In Between___trxxshed,1Qn5YG9JnGNEBS89RiiOXm
A Different Way (with Lauv)___DJ Snake,1YMBg7rOjxzbya0fPOYfNX
Like A G6___Far East Movement,4DvhkX2ic4zWkQeWMwQ2qf
good 4 u___Olivia Rodrigo,4ZtFanR9U6ndgddUvNcjcG
Call Me Now___Michael Calfan,5ZSIKIjJtKnqT9lJcP6BvM
Believer___Imagine Dragons,0pqnGHJpmpxLKifKRmU6WP
Bermuda___Sickick,5wE12WDUvty3rLhI19CZNF
I Heard You’re Married (feat. Lil Wayne)___The Weeknd,5XbA7TAqsD0fj0dGBrbb0D
Luar___colours in the dark,3EieOPlHfQsgfEWbExuS9K
Settle___BAYNK,4nsiKM4S8cRU3oWNiTOeWz
Where Are You Now___Lost Frequencies,3uUuGVFu1V7jTQL60S1r8z
Say It - Illenium Remix___Flume,1wfZdPy5FRWsdWaAEOG0Ml
Harmony___Felix Cartal,0Q7p0k3ii75zmYmEHimy3W
Fearless___Lost Sky,4y1nvncvBhdoelqPMyXxis
Cloud 9___Tobu,3pqfx1XOcuFZDeKOwfOky7
Coloris___she,7hPnPqqwJOctBPumzDjDSl
Paper Planes___Lucas & Steve,4mrAArfFEIqpH6myouJb03
L's Theme (Death Note)___Kayou. Beats,0KODNO2HxRY7IUjqJAWv6w
Big Shot (with Travis Scott)___Kendrick Lamar,5cXg9IQS34FzLVdHhp7hu7
This Feeling___The Chainsmokers,4NBTZtAt1F13VvlSKe6KTl
Build a Bitch___Bella Poarch,7BoobGhD4x5K96Me0hqC8Q
Mine___Felix Cartal,7uzmGiiJyRfuViKKK3lVmR
Caskets___Party Favor,0FknXlaOeXD7Vto1Hx9wtP
Love Somebody___Maroon 5,0HnaqUxvHP5LaWdmWwJpiS
Shore___Kinissue,1n8wr8tRHs5jmBxNWXedcn
Close To You (with Andy Grammer)___R3HAB,7hcYAIyiOVdmRhpGtSJRTP
Shake Down___Jules Gaia,5xS6iVOxB56I1jwz83NQan
"Go Dumb (feat. blackbear, The Kid LAROI and Bankrol Hayden)___Y2K",64YAQSR4jfmtHeJudcQix2
Ain't Shit___Doja Cat,5lAnYvAIkSDNXqfo7DyFUm
Touch (feat. Paul Williams)___Daft Punk,7oaEjLP2dTJLJsITbAxTOz
Love$ick (feat. A$AP Rocky)___Mura Masa,3sTN90bIP2cJ1783ctHykO
Not Above Love - DEVAULT Remix___AlunaGeorge,4qBllOfZs3DcFCTPRqAe8E
"I love you, sorry___Kinissue",7lffRc6oTehzJsFZGHZVNU
Cope___Kurt Stewart,1vosVz4NI3YJBdrZ3cacFt
Acquainted___The Weeknd,7uJH0YdSZL6psjxI6Xy08b
"Like A Riddle (feat. Hearts & Colors, Adam Trigger)___Felix Jaehn",2jGOQqWZKjy6A64kWIcdIs
Eventide___mtch.,5F4g1QFyDAINCR3GO0vDBT
Heartless___The Weeknd,6bnF93Rx87YqUBLSgjiMU8
Stay Awake___Don Diablo,3Nx1HSvKbHu198qPVIV13N
Fallen Leaves___softy,6LtlJFfUanZ380o1um99YI
If I Never See Your Face Again___Maroon 5,4xSjIgsYgd36OAK4QZ55Pr
So Long (feat. Madi)___Slushii,7ppz0b5ecGXM8xHg5yGDhK
Seasons___Maroon 5,1G5rzVAFlgMqG4gaRujcaA
I Know You (feat. Bastille)___Craig David,1byydVLDAt7An5Pk3SuL5j
Perfect to Me___Anne-Marie,1CHp06x8R5nSzvohL5V1rf
Harukamirai___KANKAKU PIERO,2vDPSojrX4aL7aiCPD7kja
By Your Side___Krynoze,2AaJeBEq3WLcfFW1y8svDf
I Just Can't___R3HAB,4Ux0Y0eQYv4HJPvuxioosx
My Type___The Chainsmokers,6V9kwssTrwkKT72imgowj9
Lovefool (feat. Pia Mia)___twocolors,3tIjJY43mDAhMZxSuDHvjy
Idea of You___ARTY,3qokU6oAQiynzPfQMfPbmR
AGAINST ALL ODDS___AP Dhillon,7MAw33OyE75nD1om6y9bHR
Not Going Home___DVBBS,5mqjkbTgyEzxTQOArWTOs6
Million Lights___Raaban,0MTNn4zNL9sgy5evzyuh71
Feels Great (feat. Fetty Wap & CVBZ)___Cheat Codes,5uu28fUesZMl89lf9CLrgN
Mist___Nokiaa,4aYMItbIiNhfGwCLNaMw36
Man Down (feat. AlunaGeorge)___Shakka,1keIwLlHg0VZhoQQiTb0Xi
Simple Dreams___WYS,1718OP6tEungb83wOs5Usl
All I Need___Slushii,1gAPybZsQhhr7L8WgDneyj
Lifestyle (feat. Adam Levine)___Jason Derulo,0osvOdeD3YXZiWkT8MKolJ
Money On Me (feat. Anderson .Paak)___Snakehips,2X1v0cUbDZXzi21L0yAH79
iii'm Not Sorry (feat. Elbee Thrie)___Snakehips,1iSs2zfb0VWYxmKxb0wPPK
apart___Bert,3ndTxUOPgP7hcKvtA2UJ9X
TERE TE___AP Dhillon,6TClJ8jXi3OBV7gcrU3jx5
Fade Away (feat. INNA)___Sam Feldt,7IToVuRoN3NP3mJzLe0RXt
Feel Good___Felix Jaehn,0d28khcov6AiegSCpG5TuT
Hoyna Hoyna___Anirudh Ravichander,7mNQwVYgoB3mtjkjCKsbXM
LOVE SCENARIO___iKON,3d3ELsqKlQ7WA0a10Isu3l
Goodbye___Imanbek,4crczEC1PpoD8TsDsmoWNI
Power___Marshmello,2gZUPNdnz5Y45eiGxpHGSc
Tsunami___DVBBS,0vZCG0H9KhtU7K8MEUVAoV
Chasing Stars (feat. James Bay) [VIP Mix]___Alesso,46MmaCvze8GcEcwU1fTfWe
Titanium (feat. Sia) - David Guetta & MORTEN Future Rave Remix___David Guetta,5072hCBK3Z15qRnTEzd8fy
"King's Dead (with Kendrick Lamar, Future & James Blake)___Jay Rock",51rXHuKN8Loc4sUlKPODgH
Rooftops___Marshmello,6pbhkfdG5RvTJaC3VKPaJn
Windfall___TheFatRat,4eFx1vS9tNVffDpaUglUGm
Lie___Shallou,07FkzikE6FuHIa8Ma7zJGc
Hello There___Dillon Francis,7fyx7nBQTEtYrfXc0UgUYs
Last Summer___Ikson,57mYDr5l9wKhQUsFCs7Mf6
Head & Heart (feat. MNEK)___Joel Corry,6cx06DFPPHchuUAcTxznu9
Kaigan___Raimu,0oMVelu4urDEUoLCghjnYw
Peaches (feat. Daniel Caesar & Giveon)___Justin Bieber,4iJyoBOLtHqaGxP12qzhQI
Around the World___Daft Punk,1pKYYY0dkg23sQQXi0Q5zN
Stuck In A Dream (feat. Gunna)___Lil Mosey,7iHHxY2NLlJRAmlAmC4ahQ
How You Love Me___3LAU,1nas007nDbzLwDGwvMdz79
A Meditation___Kanisan,0yYoRZUo29Xcm0xLt1ysfV
Don't Kill My High___Lost Kings,09yhMTRqQ1I1dniu3PoIQi
Lost in the Fire (feat. The Weeknd)___Gesaffelstein,2vXKRlJBXyOcvZYTdNeckS
Horizon___kyu,1nQ2WCJTn89CnirpfDHV60
Veridis Quo___Daft Punk,2LD2gT7gwAurzdQDQtILds
rockstar (feat. 21 Savage)___Post Malone,0e7ipj03S05BNilyu5bRzt
Secrets___The Weeknd,00NAQYOP4AmWR549nnYJZu
Forever___Sigma,6IBcOGPsniK3Pso1wHIhew
Woman___Doja Cat,6Uj1ctrBOjOas8xZXGqKk4
Aftertaste___Loud Luxury,4fI6RSIPnwSDhGP0LXtpxG
Daylight___Maroon 5,6TwfdLbaxTKzQi3AgsZNzx
expiration date___Hevi,7uECcxJYk3TqCAaOi8vkV8
Too Much___Dimitri Vegas & Like Mike,6UgxOrbHWJeqHvh0ost7Aa
I'm Just Feelin' (Du Du Du)___Imanbek,73ThEGwF5i9GrsXXGyZBRa
Smile___Gorgon City,4ZC8hXXqu2hPcDLw9QTdtQ
Fly Away (feat. Haley Larson)___Nathaniel Knows,7G9lb9041hRxJLZKswZxh5
Years Ago___Kurt Stewart,5JISZMuKjS9YZtofRUiTzY
One Right Now (with The Weeknd)___Post Malone,00Blm7zeNqgYLPtW6zg8cj
Not Above Love___AlunaGeorge,6wIuXffmapTD8RQgo2sFdL
Glorious Morning___Waterflame,2XpXDMRJiYLygz1rFQF6rc
Solstice___Sling Dilly,1S3ng6A0Gq8BPLJMtue20u
The Spectre___Alan Walker,2DGa7iaidT5s0qnINlwMjJ
SWERVE___JAY1,3bLkwKgmoiGkOCEoGORnhL
Melody___VINAI,6Owc2SuzwO3LW1SAODYK3l
No Promises (feat. Demi Lovato) - Ashworth Remix___Cheat Codes,6TmtxRY1tGhH6rY8HVvHG7
Silhouettes___softy,4vaqGZv0ZSypTqbLcmKK48
On My Own___Trevor Daniel,51xUartdwQzXmtrwHyXRVp
Like I Do___David Guetta,6RnkFd8Fqqgk1Uni8RgqCQ
Liquid Spots___Rudy Raw,5AIAWorc5sausRFiIeV9z9
Ceres Calls___no one's perfect,4iaWW79x4IDcQHJ8oT8G5t
Dawn FM___The Weeknd,0ymDgXNt5qdPZmeSpAf3P0
Losin' Sleep___David Archuleta,1cRG2cmtDHH98FhL5vIDHk
I Was Never There___The Weeknd,1cKHdTo9u0ZymJdPGSh6nq
Garden Flowers___Dontcry,2nD7URPTE9bEzGuiHAS360
Falling (feat. blackbear) - blackbear Remix___Trevor Daniel,4dMN3rD80ygXkqyV47DTSG
Breakdown (feat. Demi Lovato)___G-Eazy,6g478D6h32WUmvtlhcpbNE
I Want It All___Lucas & Steve,1nsFPTltzIVUJMWynPddpO
Be Like That - feat. Swae Lee & Khalid___Kane Brown,5f1joOtoMeyppIcJGZQvqJ
Without You___Mike Williams,27OeeYzk6klgBh83TSvGMA
Jiyū___Linearwave,0jPFyaLzyApdcr23f2GICv
Eastside (with Halsey & Khalid)___benny blanco,0d2iYfpKoM0QCKvcLCkBao
Cruel World___Seeb,3akK9yI6CIMKB2V9eQWRGc
Cruel (feat. ZAYN)___Snakehips,0B2RttXEiyXsMeQ7mMP3EI
Do Right___Glades,45w70aQhNwke1yrQZO0ffm
Wiener Nostalgie___Kayou.,6qNTrpI7ppWURx8luIPVNB
shots in the dark (with Trippie Redd)___iann dior,03m2VS3eYqKwbHvEykTYl5
NDA___Billie Eilish,38GBNKZUhfBkk3oNlWzRYd
Glow___DLJ,5KnML8Brn9wRMgWC2MAhuB
Jinsei No Doramu___Vindu,4V0dDP13nu9exW9Yes2DO0
Green Light___Sickick,3ZqneTq5xAAMtUYOTJ9FXC
Hurricane___Kanye West,6Hfu9sc7jvv6coyy2LlzBF
Endless___Amess,0rt0dZ11FVsvprbarag5tk
Wait___Maroon 5,6AvfZXpbb6r35DfF7gHPRq
Echo (feat. blackbear)___Maroon 5,54WpJSyO81dpA40MKJHd0C
Kiptime___brillion.,1ePtPIG7DjX80wr30mRhNc
Take It Away - Alexander Lewis Remix___RL Grime,10sVJpsoTxf0CGp9LhSQJU
Silk___goosetaf,2Gt3Svg0Ji2fL4qf1RHEUU
Shock (Attack on Titan)___Kayou. Beats,68M5QmhdDX19qB2AmmNVAS
Can't Feel My Face___The Weeknd,22VdIZQfgXJea34mQxlt81
"Earned It (Fifty Shades Of Grey) - From The ""Fifty Shades Of Grey"" Soundtrack___The Weeknd",2PIvq1pGrUjY007X5y1UpM
Wake Up Call___Maroon 5,1zqllQUMCgMaInr0CzFVll
Looking Back Someday___ItaloBrothers,4zQNklZnry15iiuglkLGdj
UCLA___RL Grime,3OaunNUlXXs5e2PXtNAzzG
Las Vegas (feat. Ebenezer)___The Magician,0IvCkEO4Ap1Ax0qfMNSc09
Into The Unknown___Don Diablo,3Z0oQ8r78OUaHvGPiDBR3W
Love Lies (with Normani)___Khalid,45Egmo7icyopuzJN0oMEdk
High Like This___Yves V,38XcmJDV2pjjVcCvdpMpA2
ERA (feat. Jay Prince)___Snakehips,0r3FzduZFupmNUn03kwb6D
Digital Love___Daft Punk,2VEZx7NWsZ1D0eJ4uv5Fym
Ms. Fat Booty___Mos Def,0IVAlb0cFCH1cQ974iR1TU
Finale (feat. Nicholas Petricca) - Dub Mix___Madeon,0TcUVcSUPTnoXwgkpi9C1y
Yonaguni___Bad Bunny,2JPLbjOn0wPCngEot2STUS
Altitude___Enluv,5IB8ScDtx887hFBm3PGway
Shoot My Shot___Joyner Lucas,7E7ihTSkJLiwxR6GQmm9kU
California___Hot Shade,3ia3dJETSOllPsv3LJkE35
When I Grow Up (feat. Wiz Khalifa)___Dimitri Vegas & Like Mike,3LK452TFyApuFN9jjg3THO
MAMMAMIA___Måneskin,78SCmQ8A7KQSMdkem2SwBP
Teachers___Daft Punk,4ZdjCuiWBv2weLftWPJ72c
Imagine___Steve Aoki,39LmTF9RgyakzSYX8txrow
Phases - Autograf Remix___ALMA,7eRSFlxnmgGs9epjI63PtE
Nevada___Vicetone,02shCNmb6IvgB5jLqKjtkK
Lost Stars___Adam Levine,7rdGrVIoqwPWOULauvglio
Like a serendipity___eugenio izzi,40KyXzUIT0TcPIyD75CqVz
Shut Up___Stormzy,4kbj5MwxO1bq9wjT5g9HaA
Don't Wanna Know (feat. Kendrick Lamar)___Maroon 5,1nueTG77MzNkJTKQ0ZdGzT
Don't Let Me Down (feat. Daya) - Illenium Remix___The Chainsmokers,15BlympuVSfZFROojEMY2M
Samajavaragamana___Sid Sriram,3j9DrRebdWK1jkpOw9FZUy
Miracle___Kayou.,4RvmQ5qbP5PxgJD0BN4EZK
Viva La Vida___Coldplay,1mea3bSkSGXuIRvnydlB5b
Until The Morning Comes___softy,2xKqG7zOZHnUElruzvenl3
In The Name Of Love - The Him Remix___Martin Garrix,2sp1QtoKfxJaSlsu8NOLTn
Feel So Close - Radio Edit___Calvin Harris,1gihuPhrLraKYrJMAEONyc
Somebody I'm Not___Martin Jensen,60dLzTKOP5Q37wThC9VVjB
I Don't Wanna Go___Tujamo,5RQmbhnkrt6llPrxqRsym4
Beautiful Goodbye___Maroon 5,62FOsBpnZXEoPc1Qo9hcap
Working For It___ZHU,2HJQcyUpmUuvzS5vBAICIc
Apples___Lofty,4zUk4X9yC99LeEmBYUb9vh
Find Me___Marshmello,6aWiGv6hPG0o3ri7QHNs8t
Finally___Yves V,0GGUayyESI4F0FhnQPSV81
Together Again___xander.,1GrikfH0jDejDvrxo84n4P
One More (feat. Nile Rodgers)___SG Lewis,3KSDI400G4Ykh7HjAYS7sP
Vertigo___Khalid,7stcuQtnHL7C6XdPvpwywv
Hold Me Close (feat. Ella Henderson)___Sam Feldt,24aN8j7dBw0FxxKUBlCtd6
Catching On___Elephante,70EI0sw5bwGnRyNnSTSbSU
You Right___Doja Cat,0k4d5YPDr1r7FX77VdqWez
Instant Crush (feat. Julian Casablancas)___Daft Punk,2cGxRwrMyEAp8dEbuZaVv6
Tropic Love___Diviners,5HHd6ozaXMES9r7shdPaaz
Barking___Ramz,2U5cq89GCnsR1yixKkC8d5
My Universe___Coldplay,3FeVmId7tL5YN8B7R3imoM
Close To Me___Ellie Goulding,5JEx7HbmvHQQswJCsoo9rA
Might Not___Belly,5e9aFSdnkQUrm5y8Dhw0qN
Mirror of Time___Yasumu,4xFC2ONt0GDnPujIQiMhD6
Good Example (with Andy Grammer)___R3HAB,5SspaMrPfWyRCS0GpjIxa6
Spend Some Time___goosetaf,18qKtfOEGDpkEpB0pT42Lr
Change the World___Lee Ali,2Q0iXow8EMD0bsmYDDlWYM
I Wanna Know___Alesso,2kYqdSlrtovVMMIn6ykzba
Love You Better___John De Sohn,0Gbp9aWNohZ4Kwdi75ntzT
Ain't My Fault - R3hab Remix___Zara Larsson,3YPlsrk0Voe8AOa1jyN891
Save Your Tears (Remix) (with Ariana Grande) - Bonus Track___The Weeknd,1oFAF1hdPOickyHgbuRjyX
Waste It On Me___Steve Aoki,66XDf77gBcfQKi4I2vIbTj
Birthday (feat. Monty)___Fetty Wap,3VN7XvP708u6V9U0CxOlzi
Call You Mine___The Chainsmokers,2oejEp50ZzPuQTQ6v54Evp
Vibrant feelings___eugenio izzi,5aFjWV0AKGggQXnwfu0X7r
harbor___Bhxa,0GjRpNo8kEaT7q3DAFpGYq
Gametime (with Aminé)___Lil Tecca,3ox1sLhpQrhwsNcQxpe7vu
Reaching Out___Dillon Francis,7KTcpv7wPJ4r6lR5SLzurh
Animals___Maroon 5,2bL2gyO6kBdLkNSkxXNh6x
Hidden Clouds___TABAL,1gDcCA9FyWZc07OBn7Q6TI
Man's Not Hot___Big Shaq,6X5OFBbrsHRsyO1zP7udgr
Be Your Friend‬‬___Vigiland,2mSIu1ZPo22Ihx3EwS4E6h
Anywhere___Sigma,6lD9nDl7jBUSIPDMAMZjuD
Ignite___Alan Walker,1jLsirPDkUS2g4gnkYua58
Gasoline___The Weeknd,3KyKxJ4P3pVCgaZwaq2rUC
Photograph___Ed Sheeran,1HNkqx9Ahdgi1Ixy2xkKkL
Bad___Don Diablo,5CM4UuQ9Gnd6K2YyKGPMoK
Options (feat. 24kGoldn)___Internet Money,6bhgpD7OkCATudfKJ50JB6
All Around The World (La La La)___R3HAB,1D2Aldrksl9yWWCIPOeDzy
Became___Dontcry,1NUgFFJspecfnVQQbXOnVg
Dreamland___Glass Animals,2LiDZmGERLzjrtBTCofj2G
Collide - Afrojack Radio Edit___Leona Lewis,4DIMoR33ceg0RT15Btm1Qt
Flight___Tristam,4Uhty1kvytzqhwoLO2CVoi
Collide (feat. Rosi Golan)___Vicetone,37gOHEKsQsdAsHU78lsniu
No Promises (feat. Demi Lovato)___Cheat Codes,5lNuqFVMca4vPupY10cH0J
"Last One Standing (feat. Polo G, Mozzy & Eminem) - From Venom: Let There Be Carnage___Skylar Grey",5W8HXMOMLtXLz0RGKUtnlZ
Valentine's Mashup 2019___Amrita Singh,1MhHomaXgrPMBroXkpWSSa
Phases___ALMA,3je88Q4OvTqIx7BFRFYvRA
Shadows___Aero Chord,3mnSawKqEsmgRD9HjHXrrl
All For Love - Luca Schreiner Remix___Tungevaag,6dzyIO2KpLofsypXbLGOWw
Work Out___J. Cole,2wAJTrFhCnQyNSD3oUgTZO
Venom - Music From The Motion Picture___Eminem,2SL6oP2YAEQbqsrkOzRGO4
i got u___tender spring,3EQECjMYGiiLUZX2yGzksx
Don't Leave___Snakehips,0Zx8khUcEfCFK2AEoIhC92
Samurai's Dream___Raimu,4txratGMJK6sBKoUSDfdsg
MAYBE___The Kid LAROI,4YfNO7sdbAKlkGpIFDDPXU
Good Days___SZA,3YJJjQPAbDT7mGpX3WtQ9A
Tears in my Ferrari___Sickick,1xv51Ka9NUSGlZ3TpVt1f0
Leck___Fetty Wap,3WgAqJkQMfSjiBG57f5XCb
Stargazing___M e a d o w,0VF7YLIxSQKyNiFL3X6MmN
Bout You___Xuitcasecity,1q46sflIqMIqAeFipqSGEp
One More Time___Daft Punk,0DiWol3AO6WpXZgp0goxAV
Maps___Maroon 5,4gbVRS8gloEluzf0GzDOFc
Keep It Mello (feat. Omar LinX)___Omar LinX,0Q3SC6kEhxYagDP3bFe5K9
Take Her Place (feat. A R I Z O N A)___Don Diablo,3AzvNvE3xpgelqmE5MRnbI
tomorrow tonight___Loote,4vsAUbPb6q9FpC4AGBFdVh
Either Way - Maleek Berry Remix___Snakehips,5W2neeWN7KATOVxRRmB1ri
Silhouette (Naruto Shippuden)___Kayou. Beats,6IiQUji37vdgRADBu2kBnq
Walls___Elior,5ln5yQdUywVbf8HhFsOcd6
DJ Got Us Fallin' In Love (feat. Pitbull)___Usher,4356Typ82hUiFAynbLYbPn
"Moves Like Jagger - Studio Recording From ""The Voice"" Performance___Maroon 5",7LcfRTgAVTs5pQGEQgUEzN
A Tale By Quincy___The Weeknd,759ndr57jb0URg4j9YSWml
Don't Wanna Stop___Alphalove,725u2wCoy8kDmyAckV72Br
You Can Cry___Marshmello,3ZbJMlEL4Kcme0ONRO7Slx
Over Now (with The Weeknd)___Calvin Harris,58AGoOGbwsQMhBbH0eFLRR
Anyway___Tyron Hapi,5FwlCxV2Q4xjTywLsD3Kxe
Around The World (feat. NOUMENN)___KSHMR,273n4aGEPcL1HrcdhpGGul
Say My Name___Sickick,7H6ev70Weq6DdpZyyTmUXk
Cool___Alesso,2V4bv1fNWfTcyRJKmej6Sj
Clouded Dusk___Mondo Loops,19h7OewqaG4C55r87r127i
Digital Kiss___Vexento,7e0fVBQy0tAi60rMF2hKkr
GO (feat. Juice WRLD)___The Kid LAROI,2rPHUAeUPbNgTmK18FPTiZ
Fly___Marshmello,3uPfVXcjnpOjyzI3jb3js4
"Episode 2, Todd Edwards___Daft Punk",3K6HXNtxo1A2eCthCzrwaS
Big Plans___Why Don't We,448hSkxDU1sUQQauBWZVcC
2 On (feat. ScHoolboy Q)___Tinashe,3jVtllWS5CFFWLQng8sKsr
She Will Be Loved - Radio Mix___Maroon 5,4llK75pXNWZz6KAho2Gp16
Heroes (we could be)___Alesso,3zU9rdflI65tK4dkkNSp77
Don't Call Me___Brando,5WHTFyqSii0lmT9R21abT8
Stargazing___kyu,6IM9Er6nQT3ZTp8LBUzB8d
It Was Only an Autumn Tale___Kayou.,6HQwoBpvzP1FBxzKmCgVjE
Call Me Maybe___Carly Rae Jepsen,3TGRqZ0a2l1LRblBkJoaDx
Addicted To You - Avicii By Avicii___Avicii,3XfGM99TOeyPsnDtgTqtkT
Lost___Maroon 5,18XlJEroUwFo0tLZxscgXE
I'll Meet You At The Station___Louk,0vg11qnqwfpg1inJlzbJE4
Deep End - Tarro Remix___THEY.,4GgC4R71ZWdInlhppPdLCD
Light Me Up___RL Grime,3imS277wRbz1CFoDySgTff
Be Free___A Boogie Wit da Hoodie,6SQZWGqxIIqGURmaMEKGi0
Everything Black___Unlike Pluto,3UEnF6y5tyHVtMzldS3svp
Down For The Ride___ItaloBrothers,0L8NzGlH4nmnbOUSg4gO72
I GUESS I'M IN LOVE___Clinton Kane,1is8gU4RVcN4J8xItxWoOY
lightwave___Kanisan,1Q4GMU1aYoJal7ieE8O2uf
Drive (feat. Wes Nelson)___Clean Bandit,6eCmK3GQyFuTNWCJHsaF9d
Cutting Shapes___Don Diablo,3hENlPbIlUZXQ3MiosF87Q
I Feel The Love___Tritonal,6UiDiFJUGEDzkGpZBL8IYq
Airplanes (feat. Hayley Williams of Paramore)___B.o.B,6lV2MSQmRIkycDScNtrBXO
Fake A Smile___Alan Walker,6rAGFY9D3ah6Lb7fUgbNNH
Dreamer - Matisse & Sadko Remix___Axwell /\ Ingrosso,6Bz6Rsp8GyeK4yL7APYYX3
Mourning Dove___WYS,6htUZ2aZGaZDbQ0LHjZwUI
Looking At You (feat. Sam Vesso)___Two Friends,2IBzArIJ2ognJz1EZinuPg
Desert Night___l'Outlander,0Xms02B4yBtKxUodh8xoTg
Syphilis___Juice WRLD,7yKSPAeiLHVJFSkJacPTmJ
Let Go___Beau Young Prince,5F2AuFzEiuAQD0JVNjVJQz
So What (feat. A R I Z O N A)___Louis The Child,3By9IFm4E2BvKQygT04O8g
Belong___Cash Cash,05ht6LtilQXryLlGAKH208
CIVIL WAR - Bonus___Russ,0IUgswE9wJaY4QIQZEDTKe
Leave The Door Open___Bruno Mars,02VBYrHfVwfEWXk5DXyf0T
I Won___Ty Dolla $ign,1viUV5EGlKGCiSveBfFeQg
Superman___VINAI,4woTEX1wYOTGDqNXuavlRC
Chimes___Khutko,2VSqvrU69abZOkDRr6iQq3
THINK YOU RIGHT (feat. ericdoa & glaive)___Whethan,5qfUdVpFVW6fU7GiVCIolX
Go Bang___PNAU,15Xt2CmLqrLJ0uBlDEEimX
Quiet Thoughts___Bcalm,0ygsiA94TGm1eypOxTPAl1
High Grade___Sickick,4xWY3lzZNB7U6mRAVqU0Bj
Destination Unknown___amies,2Ro1TdPyLfhfaTbww8CX66
Heart of the Ocean___Kainbeats,2OQBMk1LZIMw67MfHEe8Tg
"Afraid, Unafraid___SLUMBERJACK",3k8Vghvr9JRdXmT4GOuq9i
Chameleon___PNAU,6400BZ7REh8DshcZKU7Pfp
time for bed___Goodnyght,7vqNjtEpw7zHFq2HKgEqQs
Sugar___Maroon 5,2iuZJX9X9P0GKaE93xcPjk
Fearless Pt. II___Lost Sky,4y1nvncvBhdoelqPMyXxis
Save A Little Love___Don Diablo,5l66zJX4PpyS7b5DgoNJX9
Take My Breath - Single Version___The Weeknd,6OGogr19zPTM4BALXuMQpF
Harder To Breathe___Maroon 5,4V9JDRqKjN8F2HWdlEDxvI
Mama___Jonas Blue,7jEyX4bqaCSdMN4D4JNnVj
Just for me___PinkPantheress,6OTKVgVpVaVjhRLYizPJKA
Mothman___Sickick,6Rut7BrG16W7ufUBcpVg8z
Feelin Warm___Pandrezz,1lUUWaXzfr2A8QS08x4mkh
All Over U___Snakehips,0IVi2eh3bjsKAX4orriJsi
Ocean Drive___Pia Mia,0QOWTumlnwttK0dtyeKbN5
Imagination___Shawn Mendes,21TcDbGosp7w9YhTjOszgA
Love No More___Loud Luxury,0E8WJOFs2eWD67USh7C6Qd
Take It Back___Marshmello,2D6VbgcGFSBhhZJHbVAN1Q
In Da Getto___J Balvin,63aj87TQG6F3RVO5nbG2VQ
Feel Good (feat. Daya)___Gryffin,0Ev562zA4pmUsBqjxsxxdx
Put It On For Me___Don Diablo,3Oovjs1GW9tF5vF295AKp0
Ransom (with Juice WRLD) - Remix___Lil Tecca,2WsuSYJNXGKXVYkHPnq2yp
La La Land (feat. YG)___Bryce Vine,4oM9DGUTrRaXJDypxxHztZ
París___Ingratax,4bF2y8rR7GUjrd5LNEvej3
When We're Gone___Mesto,7KxFCQHFflx0ZlY9SPT5nW
Enjoy Enjaami - Spotify Singles (with Dhee feat. Arivu & Santhosh Narayanan)___DJ Snake,3z5ITnx50sxmTospLAcM03
City On A Hill___l'Outlander,5Mg3t5X4bYQnAreDd6vTon
Miss You a Little (feat. lovelytheband)___Bryce Vine,2tijppLc0gaWA2AfPDANvq
Cruzin' (feat. St Rulez)___Snakehips,5iwb2YMVfNU5zGliOdwbcj
Down by the Lake___TyLuv.,6t5me9cWrQFjD1pi569fpF
The Morning___The Weeknd,6u0dQik0aif7FQlrhycG1L
Soaring___Elior,1jZmjFsJHNYc0Tajv8svDX
About You___Blxst,50XeBuSbhueY24KqJZcEAd
attention___Omah Lay,6tTeRmhhuwDl5Y4UiJdHuO
Discover___Elior,2g54UaHmEIikFuEPNLACBB
How Do I Make You Love Me?___The Weeknd,2Ghp894n1laIf2w98VeAOJ
"3, 2, 1___24kGoldn",2hx8cZug1bgRMXgW5RCTUV
Come With Me___Surfaces,16frIpnyUb9poRwQxQTmaC
Past Lives___PETER LAKE,337cTvWOx1uwO7brzGgKlw
The Storm___TheFatRat,5Uh1uXAwxHdzeENqcBVZIH
Planet Buddies___Team Astro,2qrFDQ5Ep0t36nUhFbsDQm
Sweet Tears___TABAL,3YiAaBBfgFEWRSGGlB9b7b
T-KT (Attack on Titan)___Kayou. Beats,09kWiwuSdJHEgzAAOPhLyM
Cybele___sinnr,1d0uGCJYzRgbmWiReXCpdW
Be Somebody___CVBZ,0LcGOUrihGMa7yCq6jjd8a
911___R3HAB,523v8nuwdcPBsgpluw2ukl
It's Not Living (If It's Not With You)___The 1975,3TgMcrV32NUKjEG2ujn9eh
Holding On___iann dior,6CN7FuZ7o1xle9TNxApGeQ
polaris___stream_error,58iUajpKqrmSFHjsYOPEhP
Stellar Wind___Ky akasha,7EvysDiBiVqJMdWBEwwW2x
Suncity (feat. Empress Of)___Khalid,6SkHm6poyKfzV6kc9any8k
Stranger (feat. Elliphant)___Peking Duk,0jVPEBd4wyHupkTHwzQRyc
Bodies___Wafia,7CpbhqKUedOIrcvc94p60Y
"Episode 1, Giorgio Moroder___Daft Punk",4l2bO887Yauqos4LwkCwBm
hope___Bcalm,2ZRo7axmMPeSVUvDbGkJah
Plastic Rose___Maroon 5,5H2aKE95Ud9gkFoTWMYSH1
Honestly___Tibeauthetraveler,33JTkTtToyTfoRhOqXG3bf
Own It (feat. Ed Sheeran & Burna Boy)___Stormzy,4QPEwDdOMhY7rNS05mTyMR
Daydream___kyu,2WSZf9R3VXeeR8fWCscIDg
Northern Lights___Tibeauthetraveler,0QzZ5mAgQBjU6ZXSCsGpmK
"Derezzed - From ""TRON: Legacy""/Score___Daft Punk",5X4ojuZG2mZ68EcLyBQ1D3
Want U 2___Marshmello,1V3BpCUSyBt9PDZ309652A
Gold___Kiiara,6ZSO7kPn8IMJFymyticbJO
Silence___Marshmello,7vGuf3Y35N4wmASOKLUVVU
Moth To A Flame (with The Weeknd)___Swedish House Mafia,0VO8gYVDSwM1Qdd2GsMoYK
Do We Have A Problem?___Nicki Minaj,1PNs0uGru3TcrA94kpyGnc
Nachthimmel___Kayou.,2dRlZVjrLblaj4T2yga5EZ
Throw Myself A Party___Cashmere Cat,5n6PtOoeGzBeKFDeGNozLd
Ain't That Why - Skytech Remix___R3HAB,3XLKvimqONwDWeSmr1QY1v
Running Back To You___Martin Jensen,700VR1dVBEST0qHxPcfmD1
"I, U, Us___RAYE",7FmfkLiqWAUEeHACWftK7j
Drowning___KREAM,1f5cbQtDrykjarZVrShaDI
The Game of Love___Daft Punk,3ctALmweZBapfBdFiIVpji
One Last Time___Thaehan,6IC0untdEsc2PeKcQgZWN9
Beyond___Daft Punk,0k1xMUwn9sb7bZiqdT9ygx
Lush Life___Zara Larsson,1rIKgCH4H52lrvDcz50hS8
Summer___Calvin Harris,6YUTL4dYpB9xZO5qExPf05
Bliss___Dontcry,1aebqaGuhyOcAtUaf3JvSX
Back In Time___Marshmello,23YTJTopRwkkeX6QGsEaKc
Stitches___Shawn Mendes,5jsw9uXEGuKyJzs0boZ1bT
Blue (Da Ba Dee)___I'm Blue,0nHQAxZgzAcKGRxAsOISTc
Roses - Imanbek Remix___SAINt JHN,0zLCBJZSiELJf02ucPP9wb
MAJHE AALE___AP Dhillon,5eN1nmOe9R29OBL6soTJov
Losing My Religion (feat. MKLA)___Steve Aoki,7u6EvUNJUmycM4IHEiHasm
Exhale___No Spirit,7yuWy1VVjcOHvHQhPYOcr2
Crawl Outta Love___ILLENIUM,0q7oMII7kWTj1ZSX6GT6LU
talk is overrated___Jeremy Zucker,7cflqPPi3zWfLFRRBTWeh6
Feel This Moment (feat. Christina Aguilera)___Pitbull,0Hf4aIJpsN4Os2f0y0VqWl
Growing Up___kyu,2wJ1eOCIBwoQiN7xQtrTAY
Dysomnia___trxxshed,0HZjlEpgnmFt2GalFYmDgE
Zone___Arizona Zervas,0xl5SmrxNAmwc92Ihv9e5s
Love & War___Yellow Claw,6UbfuPifNmblRiaE8vQ08U
The Half___Ruben,7K3ToTmK5P1z0QK9sByc09
More Than You Know___Axwell /\ Ingrosso,6h5PAsRni4IRlxWr6uDPTP
Salt___Ava Max,5iyZwawawLjHYpX4MxUKVF
Mockingbird___Eminem,561jH07mF1jHuk7KlaeF0s
Him & I (with Halsey)___G-Eazy,5k38wzpLb15YgncyWdTZE4
lovely (with Khalid)___Billie Eilish,0u2P5u6lvoDfwTYjAADbn4
Hey Baby (feat. Gia Koka)___Imanbek,02T6bjdQaEHp0wWWvPPeWo
Todo De Ti___Rauw Alejandro,4fSIb4hdOQ151TILNsSEaF
Lie for You (feat. A Boogie Wit Da Hoodie & Davido)___Snakehips,6HMgvWVw3yHmFsmpyb864i
Solo Dance___Martin Jensen,3R6dPfF2yBO8mHySW1XDAa
1 Night (feat. Charli XCX)___Mura Masa,06XuHBFQejxy9jhNBaHEwx
Remorse___Thaehan,48Cz4HOofFJ6JuyVqnNmZ9
Dandelion's Lullaby___Raimu,4TLoYT6uaGydqUQRZ9hlxG
In Your Eyes (feat. Alida)___Robin Schulz,61ZM92T2zaXIVsqncThQzC
Summer Feeling___Matoma,793OuR8rJ0zpVp708ONAxO
RISE - Remix___League of Legends,2u5UWeZlAiO60lSYYME7jU
Moon___Kanye West,7CC6UbCs4iGsePSzFxYxNn
Bitter___FLETCHER,5Z0AM9HW78XIyZqF2BPasr
Capsize___FRENSHIP,2XMTqoHHSH0lvuXrvIEdco
PILL BREAKER (feat. blackbear & Machine Gun Kelly)___Trippie Redd,7jjnn6K7p5MgOFuqLypAcM
Somebody___The Chainsmokers,4wCmqSrbyCgxEXROQE6vtV
Summer Air___ItaloBrothers,4zHbzMPCg3tovIILIa7dsB
Surround Sound (feat. 21 Savage & Baby Tate)___JID,0cp97b37sFNsdIbQH6po3T
After The Rain___Laffey,4lzahF5UT5htAMSTfuGXmX
Fireflies___kyu,3DamFFqW32WihKkTVlwTYQ
Hymn for the Weekend___Coldplay,3RiPr603aXAoi4GHyXx0uy
Children Of A Miracle___Don Diablo,1zG3vdLkyPZG9l9tWkSnVn
Emiliana___CKay,6lZ5p6VTbZ2ZvnsdTlLv7I
"Right Now (feat. ELHAE, D.R.A.M. & H.E.R.)___Snakehips",1GYQH7xr9KlnqRvbVXxaAZ
Wildflower___Blue Wednesday,0PDcQRIteJQqADoRYhLIxl
Nights Like This (feat. Ty Dolla $ign)___Kehlani,6ZRuF2n1CQxyxxAAWsKJOy
Before You Go___Jhove,2GxoKme3baQNHHLrGdYJZP
Instagram___Dimitri Vegas & Like Mike,0U6bQIAh6MCGo1xjbIIx2S
malibu (with Trevor Daniel)___sangiovanni,0PvKGTPfI1yLizE2oSwgul
Peru - Remix___Fireboy DML,7voSun33hCNkIrjxaj3g47
"Survive (feat. Emeli Sandé, Gucci Mane)___Don Diablo",1gnKUue6F9gXXHQshCBwEs
I Miss The Future___Lost Kings,2k7EwI4qVUIcMyYbGyyeeX
Origami___Gia Koka,3qpyxgH65qNhJ9hLS2gWrS
Lonely Friday Night___Pandrezz,7wwAQ32FlyY1ays1WHnL8o
Inside Out___ItaloBrothers,6WlmEymaXKMRs3D2c4j6os
Midnight (feat. Liam Payne)___Alesso,4ZTTUAjJCd4NMZmIU7RB4c
My War (Attack on Titan)___Kayou. Beats,4PwTeEvMcSvgwMNHHy9qtB
Stay___Zedd,6uBhi9gBXWjanegOb2Phh0
We Got That Cool (feat. Afrojack & Icona Pop)___Yves V,2cFK03sObtI6AK3QKeOT5g
Let You Love Me___Rita Ora,5Fla3zyOCcIRqrDoKLU0DP
Do Bad Well (feat. Nevve)___KSHMR,7zHrHnVSQwI95FGHewXDl8
Shotgun___TIX,4ofwffwvvnbSkrMSCKQDaC
Stereo Hearts (feat. Adam Levine)___Gym Class Heroes,0qOnSQQF0yzuPWsXrQ9paz
Hope___The Chainsmokers,2ZRo7axmMPeSVUvDbGkJah
Mama - Syn Cole Remix___Jonas Blue,3NFvv5bC6HWtxUftIBm8Qd
Hall of Fame (feat. will.i.am)___The Script,1X1DWw2pcNZ8zSub3uhlNz
go with u___BAYNK,4PdLup4OaCGktZG8cvbkBz
Death Wish___Terror Jr,0KazFGgSfTa8soo2eEnuvK
Why Do You Lie To Me (feat. Lil Baby)___Topic,1Mu0qs9DQ8OfhiPvHxZMMM
3am___Landis,5vYA1mW9g2Coh1HUFUSmlb
Cozy Sunday___Gerardo Millán,3t7WxA4LH9eakGVOxb5sz6
Post Malone (feat. RANI)___Sam Feldt,0qc4QlcCxVTGyShurEv1UU
Radioactive___Imagine Dragons,4G8gkOterJn0Ywt6uhqbhp
Fortune Days___The Glitch Mob,5VWVVSABdgccboSdrKGiZH
Blasé (feat. Future & Rae Sremmurd) - Louis the Child Remix___Ty Dolla $ign,2NAZcL9tLUkdMMb5v3xFVG
Til I Get Found___Marc E. Bassy,3UReTN3heQsznBG8edEcTU
Attic___Blue Wednesday,5tqWPPvMqS13LnxZiv4dDa
Cabin In The Forest___xander.,2DVlEqfna6wRYNwOwy5YK7
Talk About It___Mike Perry,68CwDQwKXMYLBLWI8ZfRMG
Quit (feat. Ariana Grande)___Cashmere Cat,4rwqrKdwlFWJ6LvPYaOtgn
Connection___OneRepublic,3T4UodGkfZObJ43RtA5KFU
Past Life___Trevor Daniel,7MN8RYSofZsFROBlEOAzXq
Places I Remembered___softy,6fiuI9WiDHELbSOoZkt8vT
Heat Waves___Glass Animals,3USxtqRwSYz57Ewm6wWRMp
Alive___Jennifer Brown,1L94M3KIu7QluZe63g64rv
Falling (feat. Malika)___Snakehips,7lQPebfYdc97DMfQxp4BiA
Stepping Stone___Eminem,60Z57Wdrn0pEVpHI7d7GAX
Unstoppable___The Score,6rrKbzJGGDlSZgLphopS49
VIP (feat. BLOODLINE)___HUGEL,1SKq3cCGhSS8a1jPBkTAux
Lone Ranger___AJet2F,3enuE51ckAHePg9ZvohAZo
Drop That Low (When I Dip)___Tujamo,0WSjVLITbxV6kVXndziQDm
dreamy___Linearwave,6pwoQ7ABIGDvTQrPT0AueQ
Stranded - Re-Mixed Version___Tone Norum,17LG0Ph3xBRKvaYewQtrPx
Doin' it Right (feat. Panda Bear)___Daft Punk,36c4JohayB9qd64eidQMBi
Final Lullaby - Bonus Track___The Weeknd,4TA5KWeqdDmgdVPHE7Yj3B
Hands___Mike Perry,0vp1sk3FzuDBeLMLcRhQdL
Up All Night (feat. Afrojack)___VINAI,5k1uIPpsHmnbWFr4nbpdYb
Complicated (feat. Kiiara)___Dimitri Vegas & Like Mike,1Sl3njkhhz8nrSPZroDQ82
Stay Lost - Cabu Remix___Joe Hertz,3xy8karhdpkltgdwj9FGbQ
Palladio___Escala,1ALiG3jOB2tOfKiAWscWYQ
Power is Power (feat. The Weeknd & Travis Scott)___SZA,4cbdPT6uaBOgOQe3fLMofl
Would You Ever___Skrillex,57p8CBvPOxrvyCbn6ttl5r
Oceans & Galaxies___Jauz,5NQKpa6uCqZcaFkAbUK4XB
Strongest (Alan Walker Remix)___Ina Wroldsen,2r9hCNjupNy2C2g3r6SNz6
Talk___Why Don't We,161DnLWsx1i3u1JT05lzqU
breezehome___Bert,4oWkMM5SAjTqCXydIr2N2Q
Knockout___Tungevaag,1YFwmEAnSUx9ZAgWT39i1L
Look At Us Now___Lost Kings,2idTnDVMIFBqdoHodX8WQc
Trippy Love___Vexento,0AqnGnRIY75LChWPsNkCKE
I Got Love (feat. Nate Dogg)___Don Diablo,6ewNVQqN4Heqy3v3bytuiu
Focus (feat. 21 Savage)___Bazzi,2FqqVHvC4eKrsk97vpMRid
Balenciaga___Cheat Codes,5k6ioThKIxeklkIt3MNJjC
Either Way (feat. Chris Brown)___K. Michelle,4UeLehlKZDo61XZrOhr5jr
Moods___anbuu,1VflmOkAHdNbMCo4E2C5k9
Time Lapse___TheFatRat,3v8aPisqoGRZEwwf2rCeXQ
Invisible Medicine___squeeda,07Z0cJkK6FyLarI9z0dcSl
Wait (feat. Loote)___Martin Jensen,5XiZK7m9PLppgIzJBpw2x5
Paris___The Chainsmokers,15vzANxN8G9wWfwAJLLMCg
Imperfect Dust___Mondo Loops,0VkTMR2BTWOvPtYtqwTsEP
Vill inte förlora dig___Suzzies Orkester,1KwF888BBG5zSAmnCylopf
Window Seat___Kurt Stewart,5JYVocZpeUBB12ZzuxscsQ
Something Light___Guzimi,5KExA1UDxPw4gJNkqoHPPd
Some Way___NAV,7zxRMhXxJMQCeDDg0rKAVo
So Close___NOTD,7FjZU7XFs7P9jHI9Z0yRhK
Not In Love___M.O,6zN256SHzVljMn5i3SCitv
Bones (feat. OneRepublic)___Galantis,1pfgsjmxVZhoZpeDx6POKv
Take It Off___Two Friends,18rkFZIlEVdXIpOulP72cZ
Legends Never Die - (Remix)___League of Legends,66YtIqT0kN4958EXnCnAmE
One More Weekend___Audien,0dzKKW6FzIT7C38BdQBbgw
DESIRES___AP Dhillon,5pcmtf1lwrMqmAWWm248fY
Dead To Me - Slow + Reverb___Whales,7xnElMPFCmSlMJ0AY2hnxc
Away___Chiccote's Beats,2pQks71qpTxbXojT4VIFta
Have Mercy___Chlöe,5SixeLvPsYpk7qq9lo5xYg
The Line___RAYE,0qLMogpL6n41qhzmFJnhfS
Shed a Light___Robin Schulz,1eyrmeiDpdTkOmA839nPVQ
Cold Heart - PNAU Remix___Elton John,6zSpb8dQRaw0M1dK8PBwQz
Caimyar___Chau Sara,2LAir1aMPCzc5ridF5Wkkw
Intro (Infected)___Sickick,7a1UiDLvw2yyuRPtANObXb
Call Me___NEIKED,3TGRqZ0a2l1LRblBkJoaDx
Everything Gone___Mujo,02DqTs7fDfvsjAA29bhdf1
The Day You Left___amies,2UffpXB7WOqaq1DUxdS0a2
Giorgio by Moroder___Daft Punk,0oks4FnzhNp5QPTZtoet7c
Way Up___Jaden,7cFFhb9Wz2ZXLSpEk2VDKd
Remind Me to Forget___Kygo,5sIx4BlfYGuZeSLF40N9GH
Essence (feat. Justin Bieber & Tems)___WizKid,1mSdbey7RstGLY2udgXv74
The Nights___Avicii,0ct6r3EGTcMLPtrXHDvVjc
Aurora___K-391,5XND8aufA4UvtqAgARcjfN
Are You With Me - Radio Edit___Lost Frequencies,62nhuooamoroYpJyqE0nLd
The Secret Road___DaniSogen,47Ppvr5qQDbTz5CJGUKDxO
I Will Go and Do (2020 Youth Theme Song)___David Archuleta,01nWmkzHrNKfURDi4xF3bu
Make You Mine (feat. Moa Lisa)___Mike Williams,1ICPREUY4yMNeFEgbNh7D5
Water___BAYNK,0bHLNUoBzK83c61N9W4ohF
What You Need___BAYNK,4TAeOsMYQ3IecAuljAF3Ft
Conversations___Juice WRLD,4K06PO78fW4mnBVenxGNob
Lost My Way___Sickick,6aF0hjxznYqUNbwErQttdn
Privilege___The Weeknd,0Nwar8rweBUyfyuoyjjUvk
a lonely star___Jhove,2MJKhWKszAGHBv0tjC4Irj
Akuma no Ko (Attack on Titan)___Kayou. Beats,27AWHxCwzaEPt82AzgxrWu
Hell___Two Friends,0cPvRrV9PBBHVfHoGBlFdO
Talking Body - KREAM Remix___Tove Lo,7lHnrDBVrr3r904hl5oMb5
Red Swan (Attack on Titan)___Kayou. Beats,1LdSBwiyn6U9b4jWgOKv5G
Don't Let Her Go___xander.,7L4VP4XPNO9fL0ZTDENxNr
9.13___Khalid,7EROK3PMgkCG3wdwcbeauW
Youth (feat. Khalid)___Shawn Mendes,1h0yImRPIVAjhhHeNVlTuC
Problem___Ariana Grande,7vS3Y0IKjde7Xg85LWIEdP
Let It Be Me (feat. Ava Max)___David Guetta,01qMOMudbkIHZS9BFPUGNk
Spider-Man: No Way Home Official Trailer Music (Spider-Man: No Way Home Soundtrack)___Sh4d0wStrider,4xnHaFMf1ukQ7xvfdpENCr
Dandelion___Galantis,4NexTaCZZ7Ehnf03A6SVjt
Spark___kyu,7D0RhFcb3CrfPuTJ0obrod
Treat You Better___Shawn Mendes,3QGsuHI8jO1Rx4JWLUh9jd
Indiana___Just Kiddin,79zjU6YFpnCTf2WeHuPaBC
Girls Like You (feat. Cardi B) - Cardi B Version___Maroon 5,6V1bu6o1Yo5ZXnsCJU8Ovk
Honest___Bazzi,11Tfh16o0SW8KdiQdeESEX
Something Good___Lost Kings,617g5NDMkLHZb0QOYN6pbY
Leck___MORGENSHTERN,3WgAqJkQMfSjiBG57f5XCb
Turn Back Time___Marc Benjamin,1AhiOzObMBqfonJDKtirj9
Better Days___Arman Cekin,1FtYN2OwwvNgxfqf5XsD6M
The City___Madeon,36HA2woC1glnLa4vqWY3IC
I Don't Dance (Without You) [with Enrique Iglesias]___Matoma,3UEpGfsS1groLlFFt9s13K
Thinking of You___Oatmello,5xQJZsPXVA0PDU9FmEzZXu
good friends___Tatami Construct,0vgNtmIGvuMAt5GxBgGXad
Sober___Cheat Codes,5NhlpQ6BOIz3S5welptk1W
Crazy Love___Audien,1gwwNLcYQRnzvkBhwDjUX3
Love Me Harder___Ariana Grande,5J4ZkQpzMUFojo1CtAZYpn
One More Dance (with Alida)___R3HAB,2aOK6TRYn4DneIBHJOAQ4r
Guillotine___Jon Bellion,2FK1qmw8XNBqUe5CcgTVnE
Tsuyu___Otaam,5WXzfaLP2hDTqr7w2LEtFf
Taylor Swift Mash-Up___Anthem Lights,1SSj8VnmFs7jDDGUddEOoY
For The Squadron___SAINt JHN,1Am6QnI4dZi0bkXeJXwW6P
Paralyzed___Marshmello,7fEfIU4ZVvB5Wb6xg2zcvx
Islands___R3HAB,6dnco8haegnJYtylV26cBq
Words___Daya,1bgKMxPQU7JIZEhNsM1vFs
Something 'Bout Love___David Archuleta,25pU0SsW1StdsEQbsFC7qP
Nothing Stopping Me___Vicetone,1QJN61zuPWRy6nj58ndREm
Qué Más Pues?___J Balvin,6hf0RpxTbOprT5nnwzkk8e
I Wonder___The Him,7rbECVPkY5UODxoOUVKZnA
Feels So Good___Mike Mago,6oSoFV8IDRMrFh2C4aXIKt
Fresh___Daft Punk,5NDUXbMwcnTQp66tI2zcdR
Happier___Marshmello,2dpaYNEQHiRxtZbfNsse99
Hate The Other Side (with Marshmello & The Kid Laroi)___Juice WRLD,0ada5XsQGLPUVbmTCkAP49
Secret Garden___Thaehan,2CGoNxIMgzuVUazwIyWuwY
Makes Me Wonder___Maroon 5,1lHXlGlve5Zx8tXLhyjDwM
Pillars Of Creation___Purrple Cat,0Gq8QDFodRfId2oVeWxVqC
deja vu___Olivia Rodrigo,6HU7h9RYOaPRFeh0R3UeAr
Music To My Ears (feat. Tory Lanez)___Keys N Krates,0cjfLhk8WJ3etPTCseKXtk
Monsters (feat. blackbear)___All Time Low,0tyR7Bu9P086aWBFZ4QJoo
Hislerim___Serhat Durmus,32Mh7kOCWmNTZgre0cGvCV
Thunder___Imagine Dragons,1zB4vmk8tFRmM9UULNzbLB
Ocean Of Memories (Fate/Stay Night)___Kayou. Beats,6TG950dTD7UwPbnCuIEo1H
Button (feat. Anuel AA & Tainy)___Maroon 5,6FDKYM0lBf6zqrg8cFokPd
Greatest___Eminem,2XTquzYQAdT1Hk78bOUwsv
Like Toy Soldiers___Eminem,6CN3e26iQSj1N5lomh0mfO
Love Affair___UMI,4ZaRg5Sf4TKr0YcFRLh7QJ
All the Time - Don Diablo Remix___Zara Larsson,1z1Hg7Vb0AhHDiEmnDE79l
Thunder Nap___Purrple Cat,3Cf1dq8a9ez9i9jdgVhV6t
No Money (Remix)___Vapi,233ZYmIrIy5Znu8T6vq2rc
Meet Me At Our Spot___THE ANXIETY,07MDkzWARZaLEdKxo6yArG
Looking For Answers___l'Outlander,2k9fuTgOrVYeqyEtdZHvFe
clown (with Trevor Daniel)___blackbear,4epd3VXwxPItuOVN0aGsr6
Don't Leave - Gryffin Remix___Snakehips,2ygxpFIvfVzti5zcpkSmue
#1733 - Snoop Dogg___The Joe Rogan Experience,
Last Hurrah___Bebe Rexha,0i0wnv9UoFdZ5MfuFGQzMy
Spider Man - No Way Home - Trailer Epic___L'Orchestra Cinematique,21kULCYlVJ6B8WY9xMjAfA
Cloud Up - Suit ver.___DJ KIMERA,155d9Fkwq2faq69kwzfXFM
Last Day___No Spirit,0fVDu1evgjX9CFD0cmuRrM
Nobody's Love___Maroon 5,2ST72jD2KVe7f3fbcGyX1b
River Flows In You___Yiruma,2agBDIr9MYDUducQPC1sFU
Real Shit (with benny blanco)___Juice WRLD,3uVPLtkmDu8pDkYEAVqbgS
Start Shootin'___Little People,4IUgpL0CgSiloUOHzgd6Qe
Blooming Dales___Krynoze,0WLnsgm71RGQLCacmdBRS4
Rainy Day (Naruto Shippuden)___Kayou. Beats,1z5TOxOMfChSrftzexqOQ4
Faith (with Dolly Parton) [feat. Mr. Probz]___Galantis,35MKhw2YBKApmD7fAnPERC
cool winds___kudo,1J4j8fqa3b5pMrMsGJTnrt
Make Love___Daft Punk,1WnXCfO6oIxG0TbJj29MqR
Across the Violet Sky (Violet Evergarden)___Kayou. Beats,34BzM1SS7FCiKMdSYdASYX
Just Friends___Hayden James,6tB4XVKceo2307SSWXaO0y
Rewrite The Stars (with James Arthur & Anne-Marie)___James Arthur,6mQLN3zRtAp6ovjusyYKrV
Till You Drop___ItaloBrothers,7aBJzGAuCYJ8r5YEaBpyOH
Alone Forever___SPEECHLESS,4KLXhuPL5YS4mYZFL8XGBM
Dynamite___Taio Cruz,2CEgGE6aESpnmtfiZwYlbV
Lucid Dreams___Juice WRLD,285pBltuF7vW8TeWk8hdRR
Different World (feat. CORSAK)___Alan Walker,4heFQCyiW0RUEX1Q1lb008
Often___The Weeknd,4PhsKqMdgMEUSstTDAmMpg
STAY (with Justin Bieber)___The Kid LAROI,5HCyWlXZPP0y6Gqq8TgA20
Ain't A Thing (feat. Bonn)___Avicii,3MhNgzZwFtUF6jSr6pRSkW
"Hey, Soul Sister___Train",4HlFJV71xXKIGcU3kRyttv
Blindfold___Casiio,4P26tCAAUhG8ynWkhiLBzH
17___MK,15DwFznkBJir7AK9PyMyRR
Abandoned___DLJ,3MzK1eg0umbkHnT1VZ54F0
Talk - Alle Farben Remix___Khalid,06BrHnTVDOydsfg0LZ6mQb
Chronicles (feat. H.E.R. & Lil Durk)___Cordae,6oOJL3xj8zRz6URS0SwlXC
For You___Trevor Daniel,4JzCFEc3O2UEdjKzevvFH5
No Diggity___Lucas & Steve,32PKQDEaouIIOlNZ5umoR6
Bad Boy (feat. Luana Kiara)___Raaban,64p6ua7zpf66s62StC2QLv
ESCAPE PLAN___Travis Scott,4R67rQNSbbsR4TdUVOIdez
Bad Vibe___M.O,3HATF0OPbTWWy5TPz8KiAu
Just A Feeling___Maroon 5,2t2CoOfwakFAexhvMmWtTb
I Need Love (feat. Trevor Daniel)___Zara Larsson,6t0nlLzuahyBab1sYqfOGG
Hustlin'___Rick Ross,3hQCHzkE5oSA3F1xM8bpcM
Try Me___The Weeknd,4ppTAJUbNXELZcoUaL90wo
Life Goes On___Oliver Tree,0eu4C55hL6x29mmeAjytzC
Under Your Skin___Seeb,3RB4mMjf2Ln4fDv3ylSoWI
Feel Good___Syn Cole,0dkV8DuMfWAVhfi3iMnIX3
NUMB___Hayden James,0feV26ESzVptPP83N82VAO
I'm A Fan (feat. Jeremih)___Pia Mia,11SiIkTI3NsJvQGRyGw980
POP/STARS___K/DA,5sbooPcNgIE22DwO0VNGUJ
Never Is Enough___iann dior,3DIRkZsEx7zFl6ow9qsyHz
Déjà Vu (feat. Chaz French)___Snakehips,4jIb022gI284OzhbG16Q5L
Never Gonna Leave This Bed___Maroon 5,4ucLHLiSjvkCz5Lr5dlVUj
Praise (feat. Gunna)___Tchami,5cz0T1Q8AmpY18TDLAe2ja
WESTWORLD___EVAN GIIA,6ZP2iPx7t4epRBAKWvRPt1
Solar Eclipses___Hollywood Principle,13LbTKrOAJUoqWwJHdeCja
Alone___Alan Walker,3LlmKSHR3Rs0Y3KHQLAYDk
Can't Fight It___Quintino,630NcCRy9UpGgVKEPBQSIH
2055___Sleepy Hallow,4XvcHTUfIlWfyJTRG0aqlo
Sunshine___OneRepublic,5r43qanLhUCdBj8HN3fa6B
Little Bit___Timeflies,2IY559smG7SXYk229NA2Vl
Out My Way___Juice WRLD,2wkej79m7pKn0iTljW929c
Never Look Back (feat. Syd Silvair)___Oliver Heldens,6uTxQDrjjKwyugx6ggjTmA
Whippin (feat. Felix Snow)___Kiiara,3QWjljChcOMkRDYSzF33Qr
Cold December___Rod Wave,6UAy9xYeTWjZB7h05p83e9
love within___Linearwave,6wv5lxSg3U9DSC5KvbQdfr
"Taki Taki (feat. Selena Gomez, Ozuna & Cardi B)___DJ Snake",0KoiMHhqKLoL4xM54rcWYY
Me Myself & Adderall___Lost Kings,7xaaqSE7fcAjE6iAl0REBW
Candyland___Tobu,0euyZh7zSUmpNXVpVBdcN2
2002___Anne-Marie,2BgEsaKNfHUdlh97KmvFyo
Fantasy___Bazzi,1i36kkhmhBxf4lYJscg5zK
Used To Be (feat. Wiz Khalifa) - The Him Remix___Steve Aoki,527sljbYZ6GgdFXaQASKk2
Somebody New___TELYKast,6lP1UrOucq5sIXl6scYAHS
Masked Heroes___Vexento,0AmtCO7OGWwOM4bmBcpFWL
Start Again (feat. Logic)___OneRepublic,1Nj2oBISdFDSF8eDuXcALz
BOOTY CALL (skit)___The Kid LAROI,1KDsnpM14Y6CXbJHDaRV2B
Mama Look at Me Now___Galantis,5UaEBgRvUPFf5CEDhaTdp7
Wasted Times___The Weeknd,7DKS0rX27cCEPsK0R6tFWS
Kamikaze___Eminem,60SdxE8apGAxMiRrpbmLY0
Electric Touch___A R I Z O N A,0AS090YJNo3vh75GrFxwbX
Twinbow___Slushii,6kUB88CQG4dAOkUmURwBLA
"Harder, Better, Faster, Stronger___Daft Punk",5W3cjX2J3tjhG8zb6u0qHn
Beyond The Dreams___Hevi,5BBMFqj9QeTG41EUrpd7tW
Legends Never Die___League of Legends,1FpVJ7HpZInE2GvhVE2TwT
No Promises (feat. Demi Lovato) - Eden Prince___Cheat Codes,1noiZzWjxT7dmmnA9oEYNB
Love Tonight - Edit___Shouse,6OufwUcCqo81guU2jAlDVP
Hurting (feat. AlunaGeorge)___SG Lewis,7h8e5oCD5ZRu0VPNHEN6A5
Blinding Lights___The Weeknd,0VjIjW4GlUZAMYd2vXMi3b
Make Me Feel Good___Belters Only,4CUX44NA1CPEzd0ibMLQsL
Nothing Compares - Bonus Track___The Weeknd,6utQlfLooYsUkq5xUg3vxt
Introspection___Elijah Lee,00Vsf8TJHRcEne8mFkfvb2
FEELING GUD___NGHTMRE,0suLmBuEbatdochI4tHduq
Overgrown___Raimu,7sXzeEayYf6FonkJKUWg3j
Mountains___Lost Kings,7hauyzTQ4EQcksL390cTPU
Dream Catcher___Vexento,1xH4kQDDn7254RSbP2YaZq
Voyager___dryhope,6jKnJ4BZDcEJKrJhU9kumo
Dreams___Bazzi,6fZpcVRr45Z6fLtciswBBU
Nobody Like You___Kaskade,61b7m8jNskWINV4yZCaflc
It Was Always There___Ky akasha,4lsgez67oe1llBgol0z1yd
First Time___M-22,25Mf35cnnFalpVNFp0g3hW
Amy Wu on Why FTX Is So Excited About Web3 Gaming - Ep.345___Unchained,
Gonna Love Ya___Avicii,1rDETmcizen79JghAEm1Se
Brothers___l'Outlander,2wUwC1gBJIC05JH87v2hgN
Nocturnal___Ornithology,41lOmJIKLvXVH3JT7dhIhZ
Sunday Morning___BVG,45IIpiRjf9lKuIdOBQkO71
Untouchable___Tritonal,05dL7chWJaVjMJnGO1YCKk
Beggin'___Måneskin,3Wrjm47oTz2sjIgck11l5e
The Feeling Is Still There___Celestial Alignment,43VBCfna9mhBdzr9MEdmVr
Leave A Little Love___Alesso,5pmbZWt1lYVMvZ12MSdtqF
Out of Time___The Weeknd,2SLwbpExuoBDZBpjfefCtV
No I in Team___Arizona Zervas,3ntcm3V9ByPKN6cstxXh80
Memories___Thutmose,2CWOMDYFK4Ef3867nEhnVM
Matches___Cash Cash,7nwGvxqSrgAuty1tlPGCFz
Past Life (with Selena Gomez)___Trevor Daniel,7MN8RYSofZsFROBlEOAzXq
Technologic___Daft Punk,0LSLM0zuWRkEYemF7JcfEE
Kids (feat. MKLA)___KSHMR,3rgTS3933lMWoPiN6CW4qY
Motion___Khalid,65DzdjRWH35DNsBZBjW523
Turn Up The Love___AlunaGeorge,1yqirwVIIV0MtmGWsanoIu
Inhale___Duke Dumont,05bUAkDRK3xzvVkZlGU6ee
Dynasty___Elephante,2PSEa6CJkdwM96iLo7hkZQ
Power___Hardwell,2gZUPNdnz5Y45eiGxpHGSc
"Into The Open Air - From ""Brave""/Soundtrack___Julie Fowlis",0buWWJU9TGVJUWCkEsHKos
Dye My Hair___ALMA,6iOeQNXb0fFP3TDCzVPts8
Beginner___Pandrezz,1O7C8q1FwxgkQItZRNe9LD
Drink About___Seeb,73WJ6rYbtFi0Z2T4hPS1iN
Passing Lights___kyu,3BvRly3LyFpLqAt1IcZhKz
One More Day___Afrojack,3TNoNv8Z80M3pfm6CcODsh
Losing Sleep___DVBBS,4JTewNRFNQ0bRxirg1gqMk
Uptown Funk (feat. Bruno Mars)___Mark Ronson,32OlwWuMpZ6b0aN2RZOeMS
Just Like That___Pegboard Nerds,1vN2yV1aOQ6uJvEpJ5GYc0
LIES___Steve Aoki,3Shi5fUIeuoNQWV0hjYXNs
Get Lucky (feat. Pharrell Williams & Nile Rodgers) - Radio Edit___Daft Punk,2Foc5Q5nqNiosCNqttzHof
Carry On___Martin Jensen,4DMKwE2E2iYDKY01C335Uw
Strutnut - Extended Mix___Avicii,50xbkhYwo8td5bIFD1NVL2
Hot Coffee___Oatmello,4V9aXFj2pRND09THXABfdo
Ransom___Lil Tecca,1lOe9qE0vR9zwWQAOk6CoO
Party Monster___The Weeknd,4F7A0DXBrmUAkp32uenhZt
Life's A Mess II (with Clever & Post Malone)___Juice WRLD,4O3RwH1TFG1EjPezLIYehI
"Enzo (with Sheck Wes, feat. Offset, 21 Savage & Gucci Mane)___DJ Snake",5w8wL9IpVlOerzOzOvkjvG
Mama Said___Kelly Monrow,5ArQzSBevAdXTxRY6Ulhbq
2step___Ed Sheeran,3C5WBuAyi6AC3dD6BurgpP
Sunflower - Spider-Man: Into the Spider-Verse___Post Malone,3KkXRkHbMCARz0aVfEt68P
All My Heroes - Radio Edit___Naeleck,0TRmtiR9q6XnYDzXmoMpGC
Closure___Maroon 5,4W8ZFQ9eMeInTDW4VefRBd
So Sick (feat. blackbear) [Martin Jensen Remix]___Kiiara,4j1fFJvUcQxMrLEMBHV9NQ
Everybody Hates Me___The Chainsmokers,6ufrOaf4v6Qady6GiIpQ0s
New World___Krewella,2gBQ35qqBE75t00kV221Xy
Falling___Alesso,1ZMiCix7XSAbfAJlEZWMCp
What's Up Danger (with Black Caviar)___Blackway,5zsHmE2gO3RefVsPyw2e3T
Letters___Lucas & Steve,21te7Pz3VowOuFho1nfdR0
In Your Eyes___The Weeknd,7szuecWAPwGoV1e5vGu8tl
Can't Leave You Alone (feat. Juice WRLD)___Maroon 5,5kS3Kw2elRTrodnsyQuhvI
Sad (feat. Afrojack)___Chico Rose,4ESPuOrSsRcBISzcMlzmY5
Rise Up___TheFatRat,6inzGTxyGsXVjpVKtFGrcE
Love Love___Two Friends,6bCRq6dymqY47l4uEjS0Pc
Kukui Leaves___Phlocalyst,6tZjpENRq1dW5TokcO2LXX
The Shine (feat. Chelsea Cutler)___ayokay,5p6eKTYwFYitUS617IMtyd
Either Way (feat. Joey Bada$$) - TCTS Remix___Snakehips,7JBZfZgQRSUKUVHhJBxyY4
Edge of the Universe___Purrple Cat,72skQqA2iy8B8Rb7GNjTrc
Beautiful Now___Zedd,2ISSQPb9LHHiV6ng2NXosL
Don't Call Me (feat. Shakka)___Young Thug,0UuPvqKc9Xcjo37C5liY5B
In The Night___The Weeknd,25KybV9BOUlvcnv7nN3Pyo
End of Time___K-391,67O8CWXxPsfz8orZVGMQwf
Fast___Juice WRLD,5WQrDB34o6M8V0jxNiX6RU
New Memories___DubVision,7C9SonafFzEtoheAQDQ2UW
Freak - Joe Stone 2K18 Edit___R3HAB,2xbRwcylUnX881qaqf5ZZJ
Time of Our Lives___Pitbull,2bJvI42r8EF3wxjOuDav4r
Dreamer___Axwell /\ Ingrosso,0RTzJVkunbGwuRjXDFHnjf
Wasted (feat. Lil Uzi Vert)___Juice WRLD,1a7WZZZH7LzyvorhpOJFTe
I Got You___Bebe Rexha,2jB9QaPJyVdz2Q0Va8rrnU
IDWK___DVBBS,5BLRlpMYsxeMMOjrcWRhIs
Gooey___Glass Animals,1gk3FhAV07q9Jg77UxnVjX
Monody (feat. Laura Brehm)___TheFatRat,3VvBPkc24zC7x05mgJTyGO
Letting Go___BVG,2aLgFG14lYLiV8YYziZI7Q
Home with You___Madison Beer,0iwsQWgtjSq2kUXuZwTDAL
D.D.___The Weeknd,7eZ7ODAt9cALYnWLO8F6Fd
Astral___No Spirit,2bVUj7SWyf9Nq87lgZtITR
Don't You Worry Child - Radio Edit___Swedish House Mafia,2V65y3PX4DkRhy1djlxd9p
GDFR (feat. Sage the Gemini & Lookas) - K Theory Remix___Flo Rida,15W8qc8Ok22EJGNwEKhiw9
Land Of The Snakes___J. Cole,0hW72l6tZgSY7Od2OUVDIC
You Might Be (feat. Lils) - GoldFish Remix___Autograf,0JshnWfAOhnJiob29TL7XO
Rise___OVERWERK,51Grh1RyUDcMBbpuyUIUHI
Chosen (feat. Ty Dolla $ign)___Blxst,1dIWPXMX4kRHj6Dt2DStUQ
Serenade___Krynoze,17acvRlK1CgobLmpPVGCXK
On The Floor___Jennifer Lopez,3C0nOe05EIt1390bVABLyN
Exchange___Ky akasha,1No1LojyWoGTMELXEENtjh
Sky High___Elektronomia,61k7xAKMsuvTf2j2YnieSi
Levitating (feat. DaBaby) - Don Diablo Remix___Dua Lipa,0QGl113Wm50br1F5V6kIt2
I Wanna Know___RL Grime,4ToogKQq58R9TvO40qRuxi
Raincoat___Timeflies,27eoCHVL1mohdzR7c61KQ1
After Hours___The Weeknd,0VjIjW4GlUZAMYd2vXMi3b
Acrylic Paint___HM Surf,1efPw2NNZmhe2F0QyDivQr
Alone___Marshmello,3MEYFivt6bilQ9q9mFWZ4g
Say It (feat. GASHI)___DVBBS,0YhWnmiXMwmSVQU9KL1cdf
Come & Go (with Marshmello)___Juice WRLD,2Y0wPrPQBrGhoLn14xRYCG
hot girl bummer___blackbear,6jRq8gaZhMUyy5RclRPcAf
Tie Me Down (with Elley Duhé)___Gryffin,2zh01m4PiHaZz4BAm0NRxs
All I Want___Sickick,0NlGoUyOJSuSHmngoibVAs
Sweet Evening___Jordy Chandra,1OflLzbmAbFyJdy6cH6B9q
Dancing On Dangerous___Imanbek,0lipGKQoFraacrrBb3Qyg4
Fast Car___Jonas Blue,2mCF8L0brIs88eH6Kf2h9p
Rumors - R3HAB & Skytech vs. Marvelus Fame Remix___R3HAB,2rOU98Cy13yvifhme0Ovn5
Together___Laffey,4t6tQnGBonyZ2e2o0l9KZf
Mind Pool___Dontcry,70lmqeBvnQYC8SUdsb0dR6
Within___Daft Punk,7Bxv0WL7UC6WwQpk9TzdMJ
One for the Lady (feat. Jean Pierre)___Leeyou & Danceey,7m99QnIKUtBIOZahprIlQu
Bang Bang___Rita Ora,05Odbhp1TZIDH1cqbCaEtY
The Ridge___Allem Iversom,6etZxQePegikcESadncEwC
Haku___Swink,5meLx6NumSDxPM3ugWIJsZ
Pray For Me___The Weeknd,6huNf4dutXRjJyGn7f5BPS
Way Back___Vicetone,5yId5vztDqFdpYIMkDs4XV
Mayhem___Steve Aoki,0Xz3DTcdZI01mjKfNZrsC1
911___Trevor Daniel,4bEcoz1OcfMgUbp2ft8ieQ
Solo (feat. Demi Lovato)___Clean Bandit,6kPJZM97LwdG9QIsT7khp6
2U___David Guetta,762UXiwEHYY97VL45sAUPR
The Middle___Zedd,09IStsImFySgyp0pIQdqAc
WOW (feat. Sabrina Carpenter) - Remix___Zara Larsson,5WokFKscrfGEGGLPTu3jgO
Takeaway___The Chainsmokers,3g0mEQx3NTanacLseoP0Gw
First Time___ILLENIUM,2eFjKl5cyPPYElDByCh6Tb
I Could Get Used To This (with WEISS)___Becky Hill,6MSuMFyOdoJMAEgvnhqbRu
Underbelly___Khutko,1rP79McHD40lUXMtPzZdpT
Lucky You (feat. Joyner Lucas)___Eminem,60SdxE8apGAxMiRrpbmLY0
A Way Home___H.1,4FDMdXe3fNG1aX4bxGqIYM
Disconnected___Pegboard Nerds,118vbJqycPASVgrYnCzb9F
HOLD ME TIGHT OR DON’T___Fall Out Boy,0Q9vbV7G2Q6lts13nY9YGP
Rise___Jonas Blue,5ZSl6gDoV6bPPxzmLeneV9
Happier Than Ever - Edit___Billie Eilish,32BeYxKPrig1LefHsC0Xuo
Good Advice___Peach Tree Rascals,2mAjXnUG4QJAypppi5J2lA
Close To The Sun___TheFatRat,7CQjnYsGLdtcrsp95oBpCv
Sunday Morning (feat. Josie Dunne)___Matoma,7dhyhMtWWJNYWmE4N5XiEA
Body___Loud Luxury,21RzyxY3EFaxVy6K4RqaU9
Chasing Highs___ALMA,6CSr11bPiFYJUzYo7vWiIw
False Alarm___The Weeknd,4oeaIftdpT3JuZLcCkKmVE
Walk Away___Le Youth,6mhMFztI38c0CZr8CEnPrD
Mariposa - Acoustic___Peach Tree Rascals,64o1r6z5k2HmTglC2D4IKm
Mango___Peach Tree Rascals,1FpAKPGuR8SoIUw5t0I5vn
Body to Body___Mike Perry,7aU3KGK8rcyRgaHkxLLLFJ
Taste (feat. Offset)___Tyga,5IaHrVsrferBYDm0bDyABy
Only You - Hitimpulse Remix___Zara Larsson,2tCcvcUwwq5nzY1uRpnXM8
Body Back (feat. Maia Wright)___Gryffin,1z1XegUChLLQfcbtIK8ABn
Something About Us___Daft Punk,1NeLwFETswx8Fzxl2AFl91
Cold Sting In The Wind___HM Surf,7oWFZZxPbQZPmWcrq9KQbp
Happy Now___Zedd,4keoy2fqgwGnbWlm3ZVZFa
Way Back Home (feat. Conor Maynard) - Sam Feldt Edit___SHAUN,1ZLrDPgR7mvuTco3rQK8Pk
Permission to Dance___BTS,3XYRV7ZSHqIRDG87DKTtry
Universe (feat. Emeni) - Radio Edit___Don Diablo,21XOKNYyj4DhDdhAUWhI1W
Ready To Love___KSHMR,0cvMWzztDy1wNQkBqae8w4
Break This Habit___Oliver Heldens,410sU1dPbilSPUqx9A6Ir1
Nezuko Theme (Demon Slayer)___Kayou. Beats,4qBAKwg0HRTughbm17RuOJ
Ball For Me (feat. Nicki Minaj)___Post Malone,6IaieqiCVvsNvEt6Y7yOFa
"Blinded By Your Grace, Pt. 2 (feat. MNEK)___Stormzy",0ihguwGVwKihJ1Nj8fGQlY
The Ways (with Swae Lee)___Khalid,5jyyPsIGM2yqkZN9R3TmvN
Motley Crew___Post Malone,40uMIn2zJLAQhNXghRjBed
Your Side Of The Bed___Loote,3PWKPX3YJAHBL8JozsWTMC
Better___Khalid,6zeeWid2sgw4lap2jV61PZ
Night Drive___Ky akasha,36GeTKxoRLOcbJegYO6fcG
heartbreak3r___iann dior,3NXUqXUjmXvziJGXviRRkw
Friday Night‬‬‬___Vigiland,78zc6DT7A2ccehmIqef9mT
Golden Hour___Jhove,2SFwrmmYGuOaT2cgsd7IOh
My Little Prayer___David Archuleta,7qLPynt52N0NzHoJEpgI3V
Bounce___Marshmello,0SGkqnVQo9KPytSri1H6cF
Can't Come To The Phone___Martin Jensen,0I5pVidtNjNXeaqHnwhrva
I Want More___Marc Benjamin,4ZWyj5whGZ3nNLwOtOLrMt
LALISA___LISA,7uQZVznj0uQOGC9KhV2Mg6
Forever Young___John De Sohn,0343bYQtSfznf6v90jRLRK
Back to Life___HUGEL,7vvRkLPIvfjjmCIqNxBuEZ
Motherboard___Daft Punk,79koEJRtKOOGJ0VSAF3FMk
Still Lake___Lawrence Walther,1UPSheNEG37X2gSErAoTYP
Ride or Die (feat. Phoebe Ryan)___Cash Cash,5vlOmC9rYZKO69KYkcX8va
Vossi Bop___Stormzy,44ZJ4hLD5onikKsVLQaILr
Why Do I?___Unknown Brain,6u8WO1VXSlGK7OER6c5lDa
The Portrait (Ooh La La) (with Gabry Ponte)___R3HAB,6kvxoUQy6cKZvc8DFc4Smb
Black Panther___Lady Leshurr,6u5ABizn3h4viCcg2AD7Cl
Sleepless___Purrple Cat,75HBVc7kJLjC2LlPc4ScfH
Knives___Matoma,3HT8HCYGYXaAUH6SKNBaS0
Apocalyptic___3LAU,3E5Go2swucT0A6NmqOEChM
LUV U NEED U___Slushii,3YVj9LLq5GMvBvoKubnUp0
Save Your Tears___The Weeknd,5QO79kh1waicV47BqGRL3g
Winter Love___Dr. Dundiff,51uWyYu6eBDPPjnLDzRu6g
Hurt You___The Weeknd,6QdnKD1zwEgyOWtkrdzlOF
Don't Call___Lost Kings,5Leb8e1Nirv6IFHrmvJNv3
This Love___Maroon 5,6ECp64rv50XVz93WvxXMGF
Save Me___Party Favor,6VkomiRtWhCiFs4nzrzNUc
BIBA___Marshmello,1gt8YXWknKt4sRNZ6SirVW
How You Gon' Do That (feat. Cara)___Flosstradamus,0lmAiCUP6BPmf3H5eGd1Zs
whisperer___Kanisan,3ERMwnDP8nCPy06VcRZiKD
Losing It Over You (feat. Ayme)___Matoma,03csMcRh5OEeBQbSxc4xla
Let Me Hold You (Turn Me On)___Cheat Codes,3aLWuWKHaTV4Ok7LKvXRYn
If I Ain’t Got You - Live___Maroon 5,3M1aZaO65nz2yuA5g8LIVQ
Orange Leaves___TABAL,1qbbrCL6NsXQnCnnl7Rk5y
A Walk Through the Sky___Kainbeats,2YGL67yMdbftbysa2TlvtJ
Came Here for Love___Sigala,3kGfazcbVvVkuZunzlLgTD
Creatures Of The Night___Hardwell,7E12QRk94o3DBLzkySXFqn
Either Way (feat. Joey Bada$$)___Snakehips,3nodtPfXcok53E8Uze8gvD
"Cross My Mind, Pt. 2 (feat. Kiiara)___A R I Z O N A",6JsfvqClYnc2R5yZ67C2ch
In The Bible (with Lil Durk & Giveon)___Drake,61S79KIVA4I9FXbnsylEHT
Counting Stars___OneRepublic,6sy3LkhNFjJWlaeSMNwQ62
Playa (feat. H.E.R.)___A Boogie Wit da Hoodie,2yLDniiA2kYECf7IE3f2bd
These Heights (feat. Caroline Pennell)___Bassjackers,1LFT9QfD13yS96njon1w49
Galaxy___SCayos,6rfc7plUEDiqlDOpbuws40
Fly Away___TheFatRat,0hTrQoqDmFnA4S1PC265e1
Old Cars___Kurt Stewart,5xBbmSyopI92ea627XeHo1
Going Dumb___Alesso,7arsXR8AtExnOFN3v3HiJI
love nwantiti (ah ah ah)___CKay,2Xr1dTzJee307rmrkt8c0g
Patience (feat. YUNGBLUD & Polo G)___KSI,5J5CpT6bgE6KYKk23jgp9W
Beautiful People (feat. Khalid)___Ed Sheeran,4evmHXcjt3bTUHD1cvny97
Impossible (feat. John Martin)___David Guetta,7nvaEKdCDWbnQK7uJsCS5y
Trust Nobody___DJ Snake,08bDGEzsYd9ebCc7p23X4j
Don't Tell 'Em___Jeremih,0Dc7J9VPV4eOInoxUiZrsL
Beach House___The Chainsmokers,2bQhVQbV7VBzSOPo8mbkUR
Take Control___KREAM,4NPkQtN5w0T4ju8T6mYVsJ
Worst Case___3LAU,3zbbRebB1rzlXJgq7Ufn8V
t h e . c l i m b . b a c k___J. Cole,5lLNBIyjp72btcnrjBG751
Inferno (Fire Force)___Kayou. Beats,2KfDrmwZZhnm7bHMv4nwS9
Danger (with Migos & Marshmello)___Migos,0nhVrTiCGiGRCoZOJiWzm1
Blank Canvas___BluntOne,1HxqiXTBlDUlzWBBvAt4bT
Celebrity___IU,5nCwjUUsmBuNZKn9Xu10Os
All Stars___Martin Solveig,26haJjtanhamtf25RXH0MO
Shivers___Ed Sheeran,50nfwKoDiSYg8zOCREWAm5
Stranger Things (feat. OneRepublic)___Kygo,4sJqSKPc5fZ5OZ8JiVI44N
In The End___Ky akasha,68LHwzRfMZXe3An6Bf7R5u
No Limits___Zayde Wølf,6zDClvK9B4y3FEciNRqhR1
By Your Side___Jonas Blue,51NBMjiv4t1nUiLC9Bim3G
its been a long day___Jhove,3qrLp0roPMiK6Y02Me1y6n
Waves___Elijah Lee,3nAq2hCr1oWsIU54tS98pL
Need You___Flight Facilities,11EX5yhxr9Ihl3IN1asrfK
My Life Is a Party - Radio Edit___ItaloBrothers,6h7otZE1lZfWkynZKUcCqq
Surface___Aero Chord,63bR379dNknfAws2hBBsq7
Sidewalks___The Weeknd,4h90qkbnW1Qq6pBhoPvwko
What Makes You Beautiful___One Direction,4cluDES4hQEUhmXj6TXkSo
Beautiful Mistakes (feat. Megan Thee Stallion)___Maroon 5,5zFglKYiknIxks8geR8rcL
vega___stream_error,3oo4kvx5LxVSWrCk4Lo2Ay
Picture (feat. Sheryl Crow)___Kid Rock,69j0KoPJuwpnbGWrfn7Yll
Shelter___SACHI,2CgOd0Lj5MuvOqzqdaAXtS
Lasting Lover - Michael Calfan Remix___Sigala,5Oym6wBix2J7pj1VJ8sj0W
Light___Team Astro,1BSMpVGWs3v5BZKnAQziAc
Bad Girl___Sickick,6nzXkCBOhb2mxctNihOqbb
Fragments of Time (feat. Todd Edwards)___Daft Punk,0IedgQjjJ8Ad4B3UDQ5Lyn
Convince Me Otherwise (with H.E.R.)___Maroon 5,7DVassGvnqQRSfVSVPxtpV
Wicked Games___The Weeknd,6VwBbL8CzPiC4QV66ay7oR
Last Words___Dixie,1D8ElCqJXKQjS5GSuJrSfX
Why the SEC's Proposed Rules Affecting DeFi Could Violate the First Amendment - Ep.344___Unchained,
Hawái - Remix___Maluma,0GzuHFG4Ql6DoyxFRnIk3F
Till It Hurts___Yellow Claw,6hJSH3jS9jG6khVclppBJw
Through the Wormhole___Purrple Cat,6xzD1OMVIyMfThBkZwYpJL
Monody - Radio Edit___TheFatRat,0Yt32qygpvJO92RL7coWqM
Wander___dryhope,2DQayQSTaomynGyTLXzGs0
Otherside___Post Malone,4qWCFTuNnmGNdY4egtb4ZY
Ho Hey___The Lumineers,0W4Kpfp1w2xkY3PrV714B7
The Hills___The Weeknd,7fBv7CLKzipRk6EC6TWHOB
Ruin My Life___Zara Larsson,5tAa8Uaqr4VvA3693mbIhU
Blocks___Marshmello,4wXum3jZgEGLxScTygQ5US
REMEDY___Alesso,6jreFSOTUAViWjKyzOC4Kg
Already Best Friends (feat. Chris Brown)___Jack Harlow,4RKJRRd4VJfZWiqQTYsleE
Cold (feat. Future)___Maroon 5,7gwLQ4tZ5UdZ7qNcDyJ8wr
Moondrops___Akīn,7ffmWi5LOJLGsMbeRFYWHD
"SG (with Ozuna, Megan Thee Stallion & LISA of BLACKPINK)___DJ Snake",6IPNp9PfaEqrzotY47TIWy
Black Panther - Ludwig Göransson Remix___Ludwig Goransson,5o2hoi9BjSptwHHFSf0agI
When I'm Right___Morgan Page,2CK74bmcRamAsB7DUBR4aJ
Don't Be Shy___Tiësto,0bI7K9Becu2dtXK1Q3cZNB
Tied Up___The Magician,4MbrdTZFLCP2LLQEL42KIH
I can't give up___Bhxa,36dmqtcsQ4m9nDRWM7LxBD
vice city___XXXTENTACION,6MOst484piqXpzPPRRe8i5
Butterfly___møndberg,2cYqizR4lgvp4Qu6IQ3qGN
Lifestyle (Jason Derulo ft. Adam Levine)___Jason Derulo,4rEe3htSUbJbO8kJePhHBx
Beautiful Wave___Matoma,4fZVREY9Ix61b2bwYkqWTA
This Will Be My Year___Two Friends,11U7Iww4rFNk6tFFG5kJGJ
Sun Rays___Laffey,2T1CcvlbJV15sF0NJMTQZR
Sun In Our Eyes___MØ,5vsRm2aCBl5T2qdpvwtrf6
West Coast (feat. Quinn XCII)___DVBBS,4fCE1SCDulouoac9Q8XroU
I Dunno (feat. Dutchavelli & Stormzy)___Tion Wayne,3B0WbRucJ6ZIla2G9IVt2E
Faded Love (feat. Future)___Tinashe,17uivGWu6kfAvH6UgR7j4x
Forbidden Fruit (feat. Kendrick Lamar)___J. Cole,1mvDFqbbmgmMmU6U4dIq5m
Let Her Go___Passenger,1KxwZYyzWNyZSRyErj2ojT
"Illegal Weapon 2.0 (From ""Street Dancer 3D"")___Jasmine Sandlas",5fXslGZPI5Cco6PKHzlSL3
Scars (feat. Yung Pinch)___NGHTMRE,5vYFytw8LxagF6WbpK5imG
Get Low (with Liam Payne)___Zedd,2syQ0f4SAQdzvlAewPl1DJ
message in a bottle___chief.,5aA0xSImWgFb92UoWNrbYu
Mission Impossible (feat. Lindsey Stirling)___The Piano Guys,49q8tEVP92m9yUxmZ2j2nc
Don't Go Yet___Camila Cabello,1058fW9H3fZA6QjYCdOBad
Die For You___The Weeknd,2Ch7LmS7r2Gy2kc64wv3Bz
Radioactive___William Joseph,2n5kPvrrJ1UsFYIAKD4fjH
Close Your Eyes___cxlt.,0zuzKIuXULbCU39QfpYRSL
Starboy___The Weeknd,7MXVkk9YMctZqd1Srtv4MB
Riverside___Slo Loris,2eGhVM5hzHSHVjOkj9B9XM
Touch___VINAI,2dxjKgT0li4qBI3QwuN9Ih
Pied-de-vent___TABAL,5jpwuTRCDkuwKwDtrKUpo1
Waiting For A Sign___softy,3PclvIql4NDpDP5dUkLwn3
i n t e r l u d e___J. Cole,08LwMWf5Tcfsd752EPzFV0
Parhelia___Leavv,1plwFX9rTR995fI7EP1BiA
Savage (feat. Flux Pavilion & MAX)___Whethan,0kD586ste6xyDRqUYhVlCh
Heat Waves (with iann dior)___Glass Animals,7vZqwaSk4sVcDyZbMcxS8N
No Time (feat. Lil Durk)___KSI,1vicAuW47ccp1l5mYmaWi7
One More Night___Maroon 5,4XNrMwGx1SqP01sqkGTDmo
Confidence___Chris Brown,6sToW2vF0y8ZEXuHoMQob9
A-O-K___Tai Verdes,1sx0XsWUusUoPstbvokZjP
A Better Place___Project AER,2oC9Ah7npALCCPW5DC1gob
No Regrets___Thaehan,7KVsWIMOaV7GxUr0YMmxXY
OMG Daddy - Telugu___Roll Rida,0P8TCqG9wsZPUnvxqLNZ5k
MONEY___LISA,7hU3IHwjX150XLoTVmjD0q
Finest Hour (feat. Abir)___Cash Cash,0p0ljM6RxgpGt7wthGqBZa
The Riddle (feat. Lateshift)___Sam Feldt,6r2lsLYBrnLj0nckwyv7vn
FOCUS___JOYRYDE,1p1BnWMlKwG8u5n8n8uZSg
Rockin’___The Weeknd,36YCdzT57us0LhDmCYtrNE
Bright Lights___Tibeauthetraveler,27Bv9g7QR4X8yw9nLdyDm8
Crab Rave___Noisestorm,4qDHt2ClApBBzDAvhNGWFd
Get Lucky (feat. Pharrell Williams & Nile Rodgers)___Daft Punk,69kOkLUCkxIZYexIgSG8rq
All My Friends (feat. Tinashe & Chance the Rapper)___Snakehips,6TaqooOXAEcijL6G1AWS2K
When We Were Young___Lost Kings,4mEILaBM7bKZqKAun5tABu
Run It (feat. Rick Ross & Rich Brian)___DJ Snake,5x4vgABKiGp4Vg7ZyFRxhn
Titanium (feat. Sia)___David Guetta,0lHAMNU8RGiIObScrsRgmP
Memories Remix (feat. Nipsey Hussle & YG)___Maroon 5,3p4WMekidOIiyf8SFvfrIC
Lucid Nights___LESKY,1wwmPqz2WQMhfYMizkJfdK
High For This___The Weeknd,5fohLPNqO6TqwrZ7BoUWUT
Contact___Daft Punk,2KHRENHQzTIQ001nlP9Gdc
through the fire___Kayou.,6nnacTL5on2aVsRhVDNUSo
Dímelo___Snakehips,6Xi897JXNLSoIaoYZwgTLc
Requiem For A Tower___Escala,1xB7YdTKvUzO4bOjN6QAW8
Ain't Thinkin Bout You (feat. Louisa)___KREAM,1tjxQYoB2OS2fRZS43ODLQ
Do It Again___Pia Mia,72Bz4ciRZPBcVSw0nrZDHi
Long Gone___Juice WRLD,17Cs25j5Ui6X6W4Hk1kAyC
Wish I Never Met You___Loote,6Wrx0ZDaB3dxBDl1ZnddXT
We Could Go Back - Jonas Blue & Jack Wins Club Mix___Jonas Blue,1moAPCCBviS5HHFVHjtzrp
Bored___Billie Eilish,04sN26COy28wTXYj3dMoiZ
Tell Me U Luv Me (with Trippie Redd)___Juice WRLD,5JAYDuLRkODlVt6dgoalKk
I'm a Mess___Bebe Rexha,04ZTP5KsCypmtCmQg5tH9R
Steal My Clothes (feat. Bea Miller)___Kito,5VvUxoP2bKyps8sroie6T1
Slow (feat. Noah Cyrus)___Matoma,2CnRqrYggWpDj6kje9A5b3
No No No___TheFatRat,5mZB7pYtcAPo7wo5DtW939
How to Love (feat. Sofia Reyes)___Cash Cash,1lWoanAmIk1PZisbP5LmwT
Back & Forth___MK,4jtcyKfutPwzRe24DAf7xU
Grains of Sand___Thaehan,05ADDax5IsMSbqutjd1NAs
like i need u___keshi,7ivYWXqrPLs66YwakDuSim
emotions___iann dior,5ls62WNKHUUrdF3r1cv83T
Kaikai Kitan (Jujutsu Kaisen)___Kayou. Beats,7IkYNUyOQLdu0ja79Tx2Er
Intro___Juice WRLD,1kNdtonJXHorsVpWerK8C2
Anxiety - Intro___Juice WRLD,02XcRGWPkvomFvzTamEKHg
Way Back Home___SHAUN,3NxuezMdSLgt4OwHzBoUhL
Hide (feat. Seezyn)___Juice WRLD,6rz0dTA0PdhXImFV5EjM0w
Sick Boy___The Chainsmokers,58kZ9spgxmlEznXGu6FPdQ
Xenogenesis___TheFatRat,5iRVNYbhfWNO2VzBykX7GS
Playboy___Fireboy DML,1Cg51Jk6EoXBQ0KiwzWJfm
You Came Back___Blurred Figures,5lqRURIS1rrL8KoyZQZWH4
Galway Girl___Ed Sheeran,0afhq8XCExXpqazXczTSve
Lonely (feat. MAX)___Matoma,4cYXhuR8yc3lzzkcwAfsgS
Hot2Touch___Felix Jaehn,0m6M0TRGs7dOqZAryYcwiH
Far Gone (feat. Johnny Yukon)___BURNS,4EbZzFeN5YbgeKvCctCrxr
Grip___Seeb,0UazJzfJFyh8904WFxFkr6
Sparks___DLJ,3uIP0SrX00aQrQ0SEKErCL
Cailín___kokoro,6q7xdslMw9cefSaVmqK16C
First Love___Lost Kings,01iyINEYgPQ7ThMZuHUsqS
Hot Girl Summer (feat. Nicki Minaj & Ty Dolla $ign)___Megan Thee Stallion,5N1o6d8zGcSZSeMFkOUQOk
Symphony (feat. Zara Larsson)___Clean Bandit,72gv4zhNvRVdQA0eOenCal
FRIENDS___Marshmello,08bNPGLD8AhKpnnERrAc6G
Don’t Go (with Justin Bieber & Don Toliver)___Skrillex,55sgQENF3LY1sUcJUwasLl
Good Guy (feat. Jessie Reyez)___Eminem,4g32MdRoqwGKQd3NXIRhpU
Summer of Love (Shawn Mendes & Tainy)___Shawn Mendes,0z8hI3OPS8ADPWtoCjjLl6
Me and My Cello (Happy Together)___The Piano Guys,6amWzecM9lo2uYpVOQCkEZ
Hello___OMFG,6BAnxKyld909yo6Pk1DO3r
Oops (I'm Sorry)___Lost Kings,4Q8qPf6kysKz9x2NQFHfi7
Okay___Nicky Romero,71H8k9qe7DersxR6KyhUnI
Electric Daisy Violin___Lindsey Stirling,0RtHLph8SuBwWvH9T9hIRa
Ruled the World___Hogland,185KiwRpwjqe52jyaRUBFn
Drip___Boombox Cartel,78QR3Wp35dqAhFEc2qAGjE
Hate Me___Ellie Goulding,6kls8cSlUyHW2BUOkDJIZE
Comfort___Bcalm,5HNCy40Ni5BZJFw1TKzRsC
A Lonely Night___The Weeknd,0ifooM33X1iBxVYyOkSbXW
Happier Than Ever___Billie Eilish,4RVwu0g32PAqgUiJoXsdF8
Heartbreak Anthem (with David Guetta & Little Mix)___Galantis,5K6Ssv4Z3zRvxt0P6EKUAP
Latest Star___Chau Sara,6EwhEO8XfhTo8bt9e0y0aj
You Wouldn't Understand___Juice WRLD,0veO6y9anwdVTaRuW7y8NJ
beside you___keshi,1Fhb9iJPufNMZSwupsXiRe
The Other Way___TABAL,2sfXuPQepwqQjMkOWD05fk
Set Me Free (feat. MAX)___Oliver Heldens,1bmvJkAA8Yz9bv6y3WOj3U
Pressure (feat. Tove Lo)___Martin Garrix,4ga4WvRNhMsIL38pkBbnIN
Safe And Sound___Capital Cities,6Z8R6UsFuGXGtiIxiD8ISb
Grow___Joakim Lundell,5n4kMW5dn7MHFhXQuJb9zG
Unity___TheFatRat,47qYqGPgMTh3l1PRKBHEfI
Hum With Me___John De Sohn,4DfxFGwreu9BquiLRClwh8
Sing Me to Sleep - Marshmello Remix___Alan Walker,2BcwzjPvVSkek2ZLdh7C9J
Wildcard (feat. Sidnie Tipton)___KSHMR,4d3UnYs8dRDDd93MVaoj74
Sweet Dreams___Alan Walker,4uDhts78RdwIDjEqPrYVKp
WAR___AP Dhillon,64SCQtbRtmO28ks1QhS3w5
Breezy___twofiveone,1RJ9STs7SiUnSFsRvIKrX2
Emerald___Sátyr,4LKBdgl9kD3zJUKysUXTKq
Been There Done That (feat. Tove Styrke)___NOTD,0m0hFyrAqGKaVJ7D24Jozg
Let Me Love You___DJ Snake,0lYBSQXN6rCTvUZvg9S0lU
I Wanna Know (feat. Bea Miller)___NOTD,18W92Zm1KjLCbUIszOhpkD
Wake Me Up___Avicii,0nrRP2bk19rLc0orkWPQk2
Another Life (feat. Alida)___Lucas & Steve,4snOHAw3BxiKWFeOyLeEpB
Happy Hour___Felix Cartal,0Q8I9WVpuNEFPiF83ZpcvU
Atomic___she,3YBfHJTZPHn5DqgMnD6g5g
Our Song___Anne-Marie,3fGW43fnu3OHEw6ohTC2Bw
The End of Fall___Swink,6jn6zOiyqeOxASn4S6xoZf
Monster___LUM!X,0YU17F0BlVXvmx5ytsR43w
Dearest___Lilac,1MMElN2QKcKOwUkyW3CKqw
double take___dhruv,0QzuaeCEEOV40Pn7IvKEny
The Ringer___Eminem,2jt2WxXMCD4zjACthkJQVE
High Life___Daft Punk,098ttCNmncrO4YvqWUNMvn
Heard About Me (feat. Nea)___Dimitri Vegas & Like Mike,3vF1Bk53lUz287NAu5RCpS
An Unknown Journey___TABAL,6K9rMrr3BIn8Adx6SvA8Zi
No Drama (feat. Craig David)___James Hype,6IIOcnq93QAaKeRX1cs16v
Remedy (feat. Stevie Nicks)___Maroon 5,03blI4F6MeYd6kJx26VsJ2
Weightless___TABAL,5ZJNPYJvyv9kL2AtRwnY0G
Parallel Worlds___Osaki,2AsstmOZXoX9hEIHjevicc
85%___Loote,5teOR8KU4XNWY2WlVUDiIR
Flow___Living Room,2ccuOtUjIyx3tPcsnpeBzJ
Until Dawn___Kanisan,7HMjKcPbnxOAuDpGMm2wJq
morning moon___Kanisan,1sQqEFnM795rH2ivnFeZyu
Decisions (feat. Maia Wright)___KREAM,40xLrjniJVkxuWbka7KavC
Alien___Sabrina Carpenter,0RUTnY2B3s05fZuCHsNaUP
Walk Away___3LAU,6mhMFztI38c0CZr8CEnPrD
Know Your Worth___Khalid,0TrPqhAMoaKUFLR7iYDokf
Give Life Back to Music___Daft Punk,0dEIca2nhcxDUV8C5QkPYb
Insomnia___Daya,7hzlzoOwCZ4D3Ow5YZK4kj
House Of Balloons / Glass Table Girls___The Weeknd,50iiDJGpAPdr2VTrz999XA
Running My Head___Shirobon,2Hto9NlMVkyuKgqgfrpskZ
Missed You - Bonus Track___The Weeknd,5SGEPm9ge10bD4j3ec9UHV
Wishing Well___Juice WRLD,2U5WueTLIK5WJLD7mvDODv
Lo Siento BB:/ (with Bad Bunny & Julieta Venegas)___Tainy,4gzsuuZypVbxs0Af1LSZyB
Ngau Hung___Hoaprox,2nfE7SRIRxPoK6cJPsuYkm
Moving On___Marshmello,6Ehy8wRUYjAZcMMRCxMZVM
Thrift Shop (feat. Wanz)___Macklemore & Ryan Lewis,6CjtS2JZH9RkDz5UVInsa9
UFO - Trap Edit___Vigiland,7bmNm68EEyvggTrJyjrTbJ
SOS (feat. Aloe Blacc)___Avicii,2x0RZdkZcD8QRI53XT4GI5
One Touch___Baauer,3zBWN2RILlV8RshkKvQsW8
"Hold On, We're Going Home___Pia Mia",6fhWH0doyn7cSOgjgsuLPh
Walk Out___Khutko,1TYPv1m4WCmSuoE48RIBAe
"Let Me Go (with Alesso, Florida Georgia Line & watt)___Hailee Steinfeld",5Gu0PDLN4YJeW75PpBSg9p
Where Have You Gone (Anywhere)___Lucas & Steve,73RTbo2nzGjuhuAPqj3AgB
Memories___Maroon 5,4cktbXiXOapiLBMprHFErI
MONTERO (Call Me By Your Name)___Lil Nas X,1SC5rEoYDGUK4NfG82494W
Levitating (feat. DaBaby)___Dua Lipa,5nujrmhLynf4yMoMtj8AQF
death bed (coffee for your head)___Powfu,7eJMfftS33KTjuF7lTsMCx
Troublemaker (feat. Flo Rida)___Olly Murs,6s8nHXTJVqFjXE4yVZPDHR
Lonely Together - (feat. Rita Ora) Alan Walker Remix___Avicii,4QwNKEWMM7dyLB7Ew9DHHg
On & On___Cartoon,2uZWffKoemZDI0gHcBEcDc
Mess___Trevor Daniel,3z6XUommYDWPHeFhmhhT6j
Saturday Nights___Khalid,5kfNriitmkNE8mUbZ7gbq8
Need to Know___Doja Cat,3Vi5XqYrmQgOYBajMWSvCi
fake love don't last (feat. iann dior)___Machine Gun Kelly,4UHyrGQCHu0Orh2utUxbNY
Sacrifice___The Weeknd,1nH2PkJL1XoUq8oE6tBZoU
Hold My Hand___Krynoze,6yzoosToQTjFNu6WjuWahI
Satellite Nights___drkmnd,4PYJSYvolfKQy6COX6rXbj
Heading Home___Celestial Alignment,6Wg8f0n0KsKJNhwWOYjjYo
Lose Yourself to Dance (feat. Pharrell Williams)___Daft Punk,5CMjjywI0eZMixPeqNd75R
Cloud Up - 2015 full___DJ KIMERA,5ZXrmiC1ESKe4TLycEONYE
All Falls Down (feat. Juliander)___Alan Walker,1HvCFAUIWQsWV9zud3UhDl
Slide (feat. Frank Ocean & Migos)___Calvin Harris,6gpcs5eMhJwax4mIfKDYQk
Walk Thru Fire___Vicetone,2wQ411UQL2MRsdAgPRUstT
Salem's Interlude___Khalid,0v75ti1d2M6pd0sC42UNNN
Say My Name___Dimitri Vegas & Like Mike,3GYlQmwfBDo7imFyGPhrl7
Miss You (with Major Lazer & Tory Lanez)___Cashmere Cat,7HdZY9UJTylIiNcSDFyUDc
Invincible___Aminé,6VS7wKwtvL2FvTupYSWZ9e
Leave Before You Love Me (with Jonas Brothers)___Marshmello,4qu63nuBpdn0qHUHuObEj1
Mercy___Shawn Mendes,0AS63m1wHv9n4VVRizK6Hc
Get Lost In The Mind's Ocean___eugenio izzi,2cnBpaZVhZAuMKWHCyckhO
"Either Way (feat. Chris Brown, Yo Gotti, O.T. Genasis) - Remix___K. Michelle",0PQrto2Swusecrgvxjvl6G
Flood___Sátyr,1wYqGwnv0dOlO2ITJTCvDx
Escape - Single Version___Andreas Johnson,0pNvVlrgNpsIvRIv06FjQf
Fingers___ZAYN,4N5BmGwRTQA27DRRfwMr8l
Quetzal___dryhope,7zkhJTMTYra3FKPg3ccmRx
Whispers of Eden___Nogymx,1M0sRUG31sDDRYJ4ReJ8Yj
Hole In My Heart (with Livingston)___Louis The Child,4nRwznPhpULuqcqRw9KAUd
All My Love (feat. Conor Maynard) - Sagan Remix___Cash Cash,6WDUvd96KA8LkrmXcvGr7X
Whenever (feat. Conor Maynard)___Kris Kross Amsterdam,3DGar7krWlmrXRFHBcQF6z
Live to Survive___MØ,3DnUQXJqtTsS17KLeZQSh9
Da Funk___Daft Punk,0MyY4WcN7DIfbSmp5yej5z
Reminds Me Of You___Juice WRLD,5YSHygGN9D0mID1NsVd5my
Camden to Chinatown___Loafy Building,09U1GRD9AwTpH7pFIPjV42
Fight It___Ouse,4jNVoCNA8ILbmKR9e1OAEY
INDUSTRY BABY (feat. Jack Harlow)___Lil Nas X,27NovPIUIRrOZoCHxABJwK
Mariposa___Peach Tree Rascals,4ja2gzrNh9VNigzoXfmbwD
Young Dumb & Broke___Khalid,5Z3GHaZ6ec9bsiI5BenrbY
Don't Hide___Mike Perry,3r8P1CQPjTfwLLmvV5SAun
Save The Day (feat. Coi Leray & LouGotCash)___Ski Mask The Slump God,0vkzRCT7wzqWCFJw5TN1MQ
In My Head (feat. Travis Barker)___24kGoldn,3I3O8aazwBKkXN6RNjY06L
Hot Air Balloon___Don Diablo,67p96tIoC4ESrod9kW331R
Bombay Dreams (feat. Kavita Seth)___KSHMR,4SlCYFaUQ8GRuwdpgniaGF
Empty Streets___M e a d o w,3gwg9ZOrqn9F49shmvtGqT
Stay With You___Cheat Codes,7q8jJ1XZEliBakZSUMFde5
Wildin'___Berhana,4LGg2NY9eHp0jF3L1WbCNl
Burnin'___Daft Punk,0zMAvsQmaQ4DGsmXtKixpn
from me to you___Towerz,27G1NZHwIJjxVoVybSbwRc
Scared of the Dark (feat. XXXTENTACION)___Lil Wayne,3vWzyGTu6Ovo1GdrcJqH6e
For the F^_^k Of It (feat. Jeremih & Aminé)___Snakehips,7mOVlQvpqrji4h2CsNWFYk
Take My Breath Away___Alesso,2U1uiiXgExCpPr4GhLGJMv
WITHOUT YOU (with Miley Cyrus)___The Kid LAROI,1EHUQesfVKwbthtNcpBi9g
Fall___Eminem,5gVCfYmQRPy1QJifP8f5gg
Bad Habits___Ed Sheeran,3rmo8F54jFF8OgYsqTxm5d
Don't Play___Anne-Marie,7CMe1Vn4fp1ovjH6BG4M4f
History___Cosmo's Midnight,0HMjXBAZmSYOTTi33WpMso
The Real Slim Shady___Eminem,3yfqSUWxFvZELEM4PmlwIR
The Perfect World___Marty Friedman,1fPWFs6GjcSXknQKa6YKIh
Waves of Blue___Majid Jordan,5BQHyj5Pb3dUY8W6TSjeTF
Get It Right___Diplo,4SoXQCrPQplashFebNaUw3
Pepas___Farruko,5fwSHlTEWpluwOM0Sxnh5k
Big (feat. Gunna)___Rita Ora,78oZ26xvmtCfarveRXs3dq
Hero___Afrojack,4CbKVDZkYKdv69I4bCaKUq
Life Goes On!!___Sophie Powers,2bSk87AVkCIIC3Bcligq1z
Childlike Wonder___Tibeauthetraveler,6vBc1bG8snOXRHHbyCXvIB
Frisbee___Ahxello,4uZDqd7PcWI019bHEDbhhR
Fade Into Darkness - Vocal Club Mix___Avicii,5neWLocoL6bTU2cFi4Z8st
Heart of the Sea___Charlee Nguyen,4fzRTBtVytPCLIt6GZG2BD
Take My Breath___The Weeknd,2vgUijXOTRMnWXDtvgMp2b
We Don't Care___Sigala,6THwtgImf1ZAR2w3iknjeS
All My Love (feat. Conor Maynard)___Cash Cash,1839RWzPRZCVgvamu4sHSN
Wandering___amies,6xpF0dbtDGmEd0En18Kfwl
Another Life___Nokiaa,0YZEYxd1oiqZRFhnnmTKKi
Payphone___Maroon 5,1LmN9SSHISbtp9LoaR5ZVJ
THATS WHAT I WANT___Lil Nas X,0e8nrvls4Qqv5Rfa2UhqmO
Heroes Tonight___Janji,5fOjFkFA0k5MTOo1LmnVTO
Squid Game___ANTH,0lnBN3o2Iq9SJHgSZXV4oM
Bloom___SPEECHLESS,1HMQmOWrkieKYWlFsjUP3D
Kiss My (Uh Oh)___Anne-Marie,0MWiSBKm8Avs8iDIxcertp
7 Years___Lukas Graham,5kqIPrATaCc2LqxVWzQGbk
I Can't Do This Anymore___Amess,628V748xeHasyjh1gVRMkc
Illumination___Jennifer Thomas,6DYr2uPo8xeC1URwPINuy0
Last Light___TABAL,7GYE5ugh0sZfcNejh19hvk
My Dearest (Guilty Crown)___Kayou. Beats,6qKFmqo6lVpIpLIsmWAxnv
Dormant___Kurt Stewart,1WWYTovDIyuyv6CVfYRYSW
Best 4 U___Maroon 5,6m9RExR1U4qZZYAgOatzSn
Clash (feat. Stormzy)___Dave,2zxEc1GCSCxbHIXTfhraRC
Butter___BTS,6jjYDGxVJsWS0a5wlVF5vS
Bitter (feat. Trevor Daniel)___FLETCHER,21vPjrAwqTWvNm4HqODEIY
Return Of The Rucksack___Stormzy,3dMHFZsBzy45jpIHR7l8AJ
One___Axel Johansson,1zi7xx7UVEFkmKfv06H8x0
You & Me___Marshmello,6TdweeWiGv35hKXn3tARjA
Without You (feat. Sandro Cavazza)___Avicii,6Pgkp4qUoTmJIPn7ReaGxL
Trust Nobody (feat. Selena Gomez & Tory Lanez)___Cashmere Cat,5qYp1Wf3gh0lGWdIS5lIrX
gone girl___iann dior,3iH29NcCxYgI5shlkZrUoB
Through The Storm___Don Diablo,3CbqAQnT7oU23IvtcHO0k1
2 Souls on Fire (feat. Quavo)___Bebe Rexha,2dMUJy0El3BcQUy9gP9gt0
Jackpot___TheFatRat,3msQJEmoSGNJGvyDCMMafB
Over the Rainbow / Simple Gifts___The Piano Guys,3TgaPzOX2706KUeTyA7DFx
Slow Motion (feat. Sam Sure)___The Magician,7x5S89zsa9EBCJKMA2kasi
All My Love___Major Lazer,1hfaeLP0VoQ9Cb6y401NGh
"Familia (with Anuel Aa, feat. Bantu) - Spider-Man: Into the Spider-Verse___Nicki Minaj",4Uy3kNxW2kB8AEoXljEcth
Take Me Home (feat. Bebe Rexha)___Cash Cash,2zMXH5k5NZy1Nw460bLvRh
On My Mind (Jorja Smith X Preditah)___Jorja Smith,1OxL1FWSEd7QmJoWLRP2NO
Start a Riot___Duckwrth,6V81K1OcvYgHEnCA6A2Qx9
This Is America___Childish Gambino,0b9oOr2ZgvyQu88wzixux9
Tell Your Friends___The Weeknd,1mhVXWduD8ReDwusfaHNwU
Leaving___ILLENIUM,5XlvOh5YbJMp7CU3NoksNf
Make My Mind Go (with Jonasu)___Martin Jensen,6TO1XrGYwdw5y6lx3x5Aa7
Falling___Trevor Daniel,26XaOsDMbl0e1cVKYfkz6w
Hero (feat. Christina Perri) - Deep Mix___Cash Cash,7os1J5P6JqIxKSxq71QuQC
Above The Quiet City___cxlt.,1XsaRWIlKXelii72Y2M9bR
Gucci Rock N Rolla (feat. Rivers Cuomo & KYLE)___Snakehips,2VBYFWgwIlJjyzidPTHQqp
Stars___Marshmello,6GRMKQ3RrivYgLEO6h7ebu
